Species,Nmorpho,SVL,Tail,Head.length,Head.width,Head.depth,Hind.limb.length,Longest.toe,Forelimb.length,NsampToes,ForeLam,HindLam,Neco,Ln.PH,Ln.PD,Group,MainlandGeogOverlap,DivGroup,Nearctic,Upper.Central.America,Lower.Central.America,Choco,Caribbean.Coast,Andes,Amazonia,Lesser.Antilles,Puerto.Rico,Cuba...Cayman,Hispaniola,Jamaica,Bahamas,Small.Islands,SouthAmerica
acutus,3,4.017823,-0.303332488,0.102445093,0.12379158,0.117503135,0.078374283,-0.051807009,0.056701088,8,0.157826198,0.140560759,NA,NA,NA,GA,GA,GA,0,0,0,0,0,0,0,1,0,0,0,0,0,0,0
aeneus,6,4.117735515,-0.030341311,-0.01877167,0.057102818,0.003552988,-0.092849495,-0.256304824,-0.02555447,1,0.146958042,0.184583816,NA,NA,NA,SLA,SLA,SLA,0,0,0,0,0,0,0,1,0,0,0,0,0,0,0
aequatorialis,4,4.38688979,0.439675182,-0.086808799,-0.098546362,-0.044811982,0.250820457,0.508895123,0.214712567,NA,NA,NA,8,5.627189366,2.688527535,M1,M1,M1,0,0,0,0,0,1,0,0,0,0,0,0,0,0,1
agassizi,18,4.628691381,-0.120303088,-0.117196052,-0.045710678,-0.016766913,0.055576496,-0.01817883,0.067336626,5,0.260405866,0.300707109,29,4.537426534,5.072420027,SecondaryColonizedIsland,SecondaryColonizedIsland,SecondaryColonizedIsland,0,0,0,1,0,0,0,0,0,0,0,0,0,0,1
agueroi,NA,NA,NA,NA,NA,NA,NA,NA,NA,NA,NA,NA,NA,NA,NA,GA,GA,GA,0,0,0,0,0,0,0,0,0,1,0,0,0,0,0
ahli,NA,NA,NA,NA,NA,NA,NA,NA,NA,5,-0.0744108,-0.106887265,NA,NA,NA,GA,GA,GA,0,0,0,0,0,0,0,0,0,1,0,0,0,0,0
alayoni,NA,NA,NA,NA,NA,NA,NA,NA,NA,5,0.203935896,0.132077394,NA,NA,NA,GA,GA,GA,0,0,0,0,0,0,0,0,0,1,0,0,0,0,0
alfaroi,NA,NA,NA,NA,NA,NA,NA,NA,NA,4,0.060514579,0.02981514,NA,NA,NA,GA,GA,GA,0,0,0,0,0,0,0,0,0,1,0,0,0,0,0
aliniger,NA,NA,NA,NA,NA,NA,NA,NA,NA,6,0.209266254,0.145887955,NA,NA,NA,GA,GA,GA,0,0,0,0,0,0,0,0,0,0,1,0,0,0,0
allisoni,NA,NA,NA,NA,NA,NA,NA,NA,NA,5,0.23144477,0.200575466,NA,NA,NA,GA,GA,GA,0,0,0,0,0,0,0,0,0,1,0,0,0,0,0
allogus,NA,NA,NA,NA,NA,NA,NA,NA,NA,8,-0.076802728,-0.092476294,NA,NA,NA,GA,GA,GA,0,0,0,0,0,0,0,0,0,1,0,0,0,0,0
altae,2,3.822973189,-0.027027149,-0.004959198,0.011584518,0.014653148,-0.084113069,-0.006920546,-0.095288858,1,-0.036001571,-0.049151053,NA,NA,NA,M2,M2-Sympatric,M2-Derived,0,0,1,0,0,0,0,0,0,0,0,0,0,0,0
altavelensis,NA,NA,NA,NA,NA,NA,NA,NA,NA,NA,NA,NA,NA,NA,NA,GA,GA,GA,0,0,0,0,0,0,0,0,0,0,1,0,0,0,0
altitudinalis,NA,NA,NA,NA,NA,NA,NA,NA,NA,2,0.382898829,0.181633496,NA,NA,NA,GA,GA,GA,0,0,0,0,0,0,0,0,0,1,0,0,0,0,0
alumina,NA,NA,NA,NA,NA,NA,NA,NA,NA,5,-0.032752611,0.090302389,NA,NA,NA,GA,GA,GA,0,0,0,0,0,0,0,0,0,0,1,0,0,0,0
alutaceus,3,3.532225644,0.408247,0.091515957,-0.09233432,0.0202458,0.07677124,-0.163768565,-0.117612038,5,0.157008287,0.154590887,NA,NA,NA,GA,GA,GA,0,0,0,0,0,0,0,0,0,1,0,0,0,0,0
alvarezdeltoroi,7,4.213903797,0.044117893,-0.058701433,-0.051451705,-0.106783785,0.253178914,0.324073344,0.187226785,2,-0.185187344,-0.033250179,15,5.421728976,5.210469276,M2,M2-Allopatric,M2-Early,0,1,0,0,0,0,0,0,0,0,0,0,0,0,0
amplisquamosus,NA,NA,NA,NA,NA,NA,NA,NA,NA,NA,NA,NA,NA,NA,NA,M2,M2-Allopatric,M2-Early,0,1,0,0,0,0,0,0,0,0,0,0,0,0,0
anatoloros,NA,NA,NA,NA,NA,NA,NA,NA,NA,NA,NA,NA,NA,NA,NA,M1,M1,M1,0,0,0,0,0,1,0,0,0,0,0,0,0,0,1
anchicayae,3,3.970857791,0.222292007,-0.069681513,-0.114323819,-0.157680007,0.017239515,-0.101623278,-0.015154991,NA,NA,NA,NA,NA,NA,M1,M1,M1,0,0,0,1,0,0,0,0,0,0,0,0,0,0,1
anfiloquiae,NA,NA,NA,NA,NA,NA,NA,NA,NA,NA,NA,NA,NA,NA,NA,GA,GA,GA,0,0,0,0,0,0,0,0,0,1,0,0,0,0,0
angusticeps,42,3.828423982,-0.405919258,0.05368892,-0.075210337,-0.156961812,-0.36095195,-0.105601782,-0.272309337,5,0.228351763,0.108375291,NA,NA,NA,GA,GA,GA,0,0,0,0,0,0,0,0,0,1,0,0,0,0,0
annectens,2,4.187227556,0.107803938,-0.07171548,0.010578114,0.001440494,0.084149257,0.18387127,0.13007489,1,-0.391559019,-0.296410468,2,3.828641396,2.525728644,M2,M2-Sympatric,M2-Early,0,0,0,0,1,0,0,0,0,0,0,0,0,0,1
anoriensis,NA,NA,NA,NA,NA,NA,NA,NA,NA,NA,NA,NA,NA,NA,NA,M1,M1,M1,0,0,0,0,0,1,0,0,0,0,0,0,0,0,1
antioquiae,NA,NA,NA,NA,NA,NA,NA,NA,NA,NA,NA,NA,NA,NA,NA,M1,M1,M1,0,0,0,0,0,1,0,0,0,0,0,0,0,0,1
antonii,3,3.81242364,0.180096723,-0.026243186,-0.044454712,0.009539471,0.043604482,-0.118721879,-0.059123754,NA,NA,NA,NA,NA,NA,M2,M2-Sympatric,M2-Derived,0,0,0,0,0,1,0,0,0,0,0,0,0,0,1
apletophallus,40,3.815291816,0.075318021,-0.058683795,-0.051759898,-0.080049551,0.115361207,0.197394976,0.057205777,5,-0.110477275,-0.085619479,49,4.523092075,2.272125886,M2,M2-Sympatric,M2-Derived,0,0,1,0,0,0,0,0,0,0,0,0,0,0,0
apollinaris,NA,NA,NA,NA,NA,NA,NA,NA,NA,NA,NA,NA,NA,NA,NA,M1,M1,M1,0,0,0,0,0,1,0,0,0,0,0,0,0,0,1
aquaticus,10,4.093677673,-0.172980842,-0.108897478,-0.094617131,-0.073728291,0.109454896,0.279132865,0.104521702,4,-0.297423509,-0.311507829,16,4.129711706,4.047078236,M2,M2-Sympatric,M2-Early,0,0,1,0,0,0,0,0,0,0,0,0,0,0,0
argenteolus,3,3.915018514,0.113847179,-0.005051889,-0.019196861,-0.085356647,0.120838289,-0.073332578,0.154168362,9,0.331809337,0.294324031,NA,NA,NA,GA,GA,GA,0,0,0,0,0,0,0,0,0,1,0,0,0,0,0
argillaceus,3,3.792788918,0.026335651,0.038841773,0.149664113,0.130140312,-0.133676693,-0.030444483,0.030196113,5,0.241090121,0.169297249,NA,NA,NA,GA,GA,GA,0,0,0,0,0,0,0,0,0,1,0,0,0,0,0
armouri,NA,NA,NA,NA,NA,NA,NA,NA,NA,5,-0.111005395,-0.030248965,NA,NA,NA,GA,GA,GA,0,0,0,0,0,0,0,0,0,0,1,0,0,0,0
auratus,23,3.773220603,0.243018685,-0.084212184,-0.128027381,-0.111488514,0.034130168,0.135394746,0.019838991,5,-0.128919134,0.004656334,28,3.501645853,0.940007258,M2,M2-Sympatric,M2-Early,0,0,1,1,1,0,1,0,0,0,0,0,0,0,1
aurifer,NA,NA,NA,NA,NA,NA,NA,NA,NA,NA,NA,NA,NA,NA,NA,GA,GA,GA,0,0,0,0,0,0,0,0,0,0,1,0,0,0,0
bahorucoensis,24,3.698086935,0.216948781,0.157113802,0.042162026,0.078073091,0.112013222,0.13640657,-0.07964101,6,0.003387858,0.135564581,20,3.824284091,3.365570204,GA,GA,GA,0,0,0,0,0,0,0,0,0,0,1,0,0,0,0
baleatus,NA,NA,NA,NA,NA,NA,NA,NA,NA,6,-0.037638292,-0.03731226,NA,NA,NA,GA,GA,GA,0,0,0,0,0,0,0,0,0,0,1,0,0,0,0
baracoae,9,4.799420314,NA,0.138083577,0.106247368,0.077071521,-0.055161838,0.211833255,-0.073785512,5,0.258772341,0.308563953,NA,NA,NA,GA,GA,GA,0,0,0,0,0,0,0,0,0,1,0,0,0,0,0
barahonae,25,5.07292128,-0.271288385,0.086061912,0.122089401,0.196320909,-0.027350849,0.094008491,-0.137410252,5,-0.052508596,-0.014235782,6,6.008395408,4.38614315,GA,GA,GA,0,0,0,0,0,0,0,0,0,0,1,0,0,0,0
barbatus,NA,NA,NA,NA,NA,NA,NA,NA,NA,1,0.098263927,-0.015746476,NA,NA,NA,GA,GA,GA,0,0,0,0,0,0,0,0,0,1,0,0,0,0,0
barbouri,3,3.655064106,0.272870205,0.002204953,0.123468995,0.048586661,0.008784967,-0.145698083,-0.012823093,7,-0.295088686,-0.339968722,NA,NA,NA,GA,GA,GA,0,0,0,0,0,0,0,0,0,0,1,0,0,0,0
bartschi,3,4.290459441,0.073546413,0.05105143,0.055328533,0.03686737,0.131435442,0.05608887,0.084130958,8,0.233835829,0.19725268,NA,NA,NA,GA,GA,GA,0,0,0,0,0,0,0,0,0,1,0,0,0,0,0
beckeri,2,4.024279688,-0.304318206,-0.042736449,0.01208883,-0.063130081,-0.249306058,-0.076460177,-0.059164329,1,0.204956627,0.11529568,NA,NA,NA,M2,M2-Allopatric,M2-Early,0,1,0,0,0,0,0,0,0,0,0,0,0,0,0
bellipeniculus,NA,NA,NA,NA,NA,NA,NA,NA,NA,NA,NA,NA,NA,NA,NA,M1,M1,M1,0,0,0,0,0,0,1,0,0,0,0,0,0,0,1
benedikti,NA,NA,NA,NA,NA,NA,NA,NA,NA,NA,NA,NA,NA,NA,NA,M2,M2-Sympatric,M2-Derived,0,0,1,0,0,0,0,0,0,0,0,0,0,0,0
bicaorum,NA,NA,NA,NA,NA,NA,NA,NA,NA,NA,NA,NA,NA,NA,NA,SecondaryColonizedIsland,SecondaryColonizedIsland,SecondaryColonizedIsland,0,1,0,0,0,0,0,0,0,0,0,0,0,0,0
bimaculatus,NA,NA,NA,NA,NA,NA,NA,NA,NA,NA,NA,NA,NA,NA,NA,GA,GA,GA,0,0,0,0,0,0,0,1,0,0,0,0,0,0,0
binotatus,NA,NA,NA,NA,NA,NA,NA,NA,NA,NA,NA,NA,NA,NA,NA,M2,M2-Sympatric,M2-Early,0,0,0,1,0,0,0,0,0,0,0,0,0,0,1
birama,NA,NA,NA,NA,NA,NA,NA,NA,NA,2,-0.087717754,-0.120059943,NA,NA,NA,GA,GA,GA,0,0,0,0,0,0,0,0,0,1,0,0,0,0,0
biscutiger,NA,NA,NA,NA,NA,NA,NA,NA,NA,NA,NA,NA,NA,NA,NA,M2,M2-Sympatric,M2-Derived,0,0,1,0,0,0,0,0,0,0,0,0,0,0,0
blanquillanus,3,4.387635873,-0.161865626,-0.100527882,0.023667633,-0.005663046,-0.028879348,-0.131400135,0.027094254,NA,NA,NA,NA,NA,NA,SLA,SLA,SLA,0,0,0,0,0,0,0,1,0,0,0,0,0,0,0
bocourti,NA,NA,NA,NA,NA,NA,NA,NA,NA,NA,NA,NA,NA,NA,NA,M2,M2-Sympatric,M2-Derived,0,0,0,0,0,0,1,0,0,0,0,0,0,0,1
boettgeri,1,3.834709902,0.308027954,0.004795459,-0.058912381,-0.02901379,-0.047565346,-0.018683774,0.031995161,NA,NA,NA,NA,NA,NA,M1,M1,M1,0,0,0,0,0,1,0,0,0,0,0,0,0,0,1
bombiceps,2,4.110709916,0.066807534,-0.104410338,6.50E-05,-0.052667146,0.236316435,0.106661309,0.134680562,4,-0.116182841,-0.200572118,NA,NA,NA,M2,M2-Sympatric,M2-Early,0,0,0,0,0,0,1,0,0,0,0,0,0,0,1
bonairensis,16,4.033178127,-0.013656071,-0.052342535,-0.037569903,-0.089138718,-0.062692715,-0.016691704,0.03780079,NA,NA,NA,54,4.764393692,2.823757009,SLA,SLA,SLA,0,0,0,0,0,0,0,1,0,0,0,0,0,0,0
brasiliensis,NA,NA,NA,NA,NA,NA,NA,NA,NA,NA,NA,NA,NA,NA,NA,M2,M2-Sympatric,M2-Early,0,0,0,0,0,0,1,0,0,0,0,0,0,0,1
bremeri,NA,NA,NA,NA,NA,NA,NA,NA,NA,4,-0.020767448,-0.023367954,NA,NA,NA,GA,GA,GA,0,0,0,0,0,0,0,0,0,1,0,0,0,0,0
breslini,NA,NA,NA,NA,NA,NA,NA,NA,NA,7,-0.202856918,-0.073945781,NA,NA,NA,GA,GA,GA,0,0,0,0,0,0,0,0,0,0,1,0,0,0,0
brevirostris,59,3.826029292,-0.325846286,0.026733517,0.146642618,0.054124,0.026236516,0.359953839,0.095122572,5,0.162928301,0.042552967,27,4.90364382,3.844172339,GA,GA,GA,0,0,0,0,0,0,0,0,0,0,1,0,0,0,0
brunneus,45,4.158883083,0.00856836,0.087245188,-0.035610807,-0.151258553,-0.212951653,-0.052640305,-0.243261117,4,0.21906297,0.131791856,NA,NA,NA,GA,GA,GA,0,0,0,0,0,0,0,0,0,0,0,0,1,0,0
calimae,1,4.019800598,-0.434256876,0.060031431,-0.029213342,0.092035698,-0.183834898,-0.168199,-0.104833224,1,0.08854541,0.035643746,NA,NA,NA,M1,M1,M1,0,0,0,0,0,1,0,0,0,0,0,0,0,0,1
campbelli,NA,NA,NA,NA,NA,NA,NA,NA,NA,1,0.076796605,0.031710027,NA,NA,NA,M2,M2-Allopatric,M2-Early,0,1,0,0,0,0,0,0,0,0,0,0,0,0,0
capito,7,4.42208834,0.048173497,-0.090902835,0.087148805,0.03017947,0.214061326,0.146690588,0.088003463,7,-0.212530191,-0.237606895,3,4.491553459,4.211683055,M2,M2-Sympatric,M2-Early,0,1,1,0,0,0,0,0,0,0,0,0,0,0,0
caquetae,1,4.012953724,0.119961565,0.011911045,-0.049220458,0.034944785,0.002058124,-0.176604131,0.000495422,NA,NA,NA,NA,NA,NA,M1,M1,M1,0,0,0,0,0,0,1,0,0,0,0,0,0,0,1
carlostoddi,NA,NA,NA,NA,NA,NA,NA,NA,NA,NA,NA,NA,NA,NA,NA,M1,M1,M1,0,0,0,0,0,0,1,0,0,0,0,0,0,0,1
carolinensis,141,4.143769446,-0.052009845,0.041838128,0.033524701,-0.102910656,-0.210855742,-0.13613506,-0.151957209,4,0.190397218,0.137259078,154,5.00769765,2.1690537,GA,GA,GA,0,0,0,0,0,0,0,0,0,0,0,0,1,0,0
carpenteri,NA,NA,NA,NA,NA,NA,NA,NA,NA,1,-0.145049788,-0.147602452,NA,NA,NA,M2,M2-Sympatric,M2-Derived,0,1,1,0,0,0,0,0,0,0,0,0,0,0,0
casildae,NA,NA,NA,NA,NA,NA,NA,NA,NA,1,-0.17733353,0.017234773,NA,NA,NA,M1,M1,M1,0,0,1,0,0,0,0,0,0,0,0,0,0,0,0
caudalis,NA,NA,NA,NA,NA,NA,NA,NA,NA,5,0.087507032,0.001871408,NA,NA,NA,GA,GA,GA,0,0,0,0,0,0,0,0,0,0,1,0,0,0,0
centralis,3,3.703275334,-0.159970997,0.046823748,0.095074089,0.089358548,-0.190465732,-0.03328024,0.046597594,6,0.098012377,-0.01976804,NA,NA,NA,GA,GA,GA,0,0,0,0,0,0,0,0,0,1,0,0,0,0,0
chamaeleonides,3,4.847724131,-0.492388269,0.346669338,0.171481814,0.143731175,-0.348353084,-0.260393931,-0.143364022,5,0.052618297,-0.078409651,NA,NA,NA,GA,GA,GA,0,0,0,0,0,0,0,0,0,1,0,0,0,0,0
charlesmyeri,1,4.072269355,-0.328113757,-0.082462364,0.042077471,-0.047765304,-0.382813939,-0.275274473,-0.132983606,NA,NA,NA,NA,NA,NA,M2,M2-Sympatric,M2-Early,0,0,1,0,0,0,0,0,0,0,0,0,0,0,0
chloris,4,4.084462562,-0.037284862,-0.043912608,-0.05623716,-0.078971001,0.036998621,0.194107539,0.171782393,4,-0.096837841,-0.031341321,6,6.275383297,2.803360381,M1,M1,M1,0,0,0,1,0,0,0,0,0,0,0,0,0,0,1
chlorocyanus,NA,NA,NA,NA,NA,NA,NA,NA,NA,5,0.257807414,0.175038089,NA,NA,NA,GA,GA,GA,0,0,0,0,0,0,0,0,0,0,1,0,0,0,0
chocorum,2,4.319885238,0.256270921,-0.020347055,0.014527659,0.019772174,0.016309422,-0.319149276,-0.027351985,2,-0.229753664,-0.150484666,2,5.942799375,2.1690537,M1,M1,M1,0,0,1,1,0,0,0,0,0,0,0,0,0,0,1
christophei,3,3.903587527,-0.004620453,0.004260166,0.02694205,-0.061618843,0.0644015,0.064936676,0.145655478,6,0.169301457,0.182747732,NA,NA,NA,GA,GA,GA,0,0,0,0,0,0,0,0,0,0,1,0,0,0,0
chrysolepis,3,4.084462562,0.119877402,-0.095783029,0.070624642,0.038486142,0.242860612,-0.040635148,0.119798241,NA,NA,NA,NA,NA,NA,M2,M2-Sympatric,M2-Early,0,0,0,0,0,0,1,0,0,0,0,0,0,0,1
chrysops,NA,NA,NA,NA,NA,NA,NA,NA,NA,NA,NA,NA,NA,NA,NA,GA,GA,GA,0,0,0,0,0,0,0,1,0,0,0,0,0,0,0
clivicola,NA,NA,NA,NA,NA,NA,NA,NA,NA,5,0.058364897,-0.023780081,NA,NA,NA,GA,GA,GA,0,0,0,0,0,0,0,0,0,1,0,0,0,0,0
cobanensis,1,3.798854307,NA,0.052858961,0.157396168,0.209689391,0.258131512,0.333323897,0.209578567,NA,NA,NA,NA,NA,NA,M2,M2-Allopatric,M2-Early,0,1,0,0,0,0,0,0,0,0,0,0,0,0,0
coelestinus,62,4.151354817,0.098272242,0.064957958,0.072819883,0.021715914,-0.074759898,0.192426075,-0.095606869,5,0.248332283,0.244417048,23,4.892302107,3.488902962,GA,GA,GA,0,0,0,0,0,0,0,0,0,0,1,0,0,0,0
concolor,17,4.276249366,-0.1148525,-0.076729755,-0.058468959,-0.069208369,-0.00064759,-0.100366029,-0.014572027,NA,NA,NA,48,4.83142888,2.85819286,SecondaryColonizedIsland,SecondaryColonizedIsland,SecondaryColonizedIsland,0,1,0,0,0,0,0,0,0,0,0,0,0,1,0
confusus,NA,NA,NA,NA,NA,NA,NA,NA,NA,5,-0.0099592,0.066236232,NA,NA,NA,GA,GA,GA,0,0,0,0,0,0,0,0,0,1,0,0,0,0,0
conspersus,8,4.217594111,-0.270319523,-0.027173128,0.032187797,-0.00873084,-0.016814477,0.169817718,0.036631032,3,0.24413468,0.173779092,NA,NA,NA,GA,GA,GA,0,0,0,0,0,0,0,0,0,1,0,0,0,0,0
cooki,NA,NA,NA,NA,NA,NA,NA,NA,NA,5,0.039337805,0.033067612,NA,NA,NA,GA,GA,GA,0,0,0,0,0,0,0,0,1,0,0,0,0,0,0
cristatellus,25,4.194189897,-0.166265726,0.0285009,0.027882839,-0.037817128,0.074987117,0.392198304,0.091678341,6,0.013883412,0.004233759,17,4.770684624,4.727387819,GA,GA,GA,0,0,0,0,0,0,0,0,1,0,0,0,0,0,0
cristifer,NA,NA,NA,NA,NA,NA,NA,NA,NA,NA,NA,NA,NA,NA,NA,M2,M2-Allopatric,M2-Early,0,1,0,0,0,0,0,0,0,0,0,0,0,0,0
cryptolimifrons,3,3.719651113,0.048935665,-0.026530855,-0.055369963,-0.028714744,0.132596249,-0.080464671,0.043094632,NA,NA,NA,NA,NA,NA,M2,M2-Sympatric,M2-Derived,0,0,1,0,0,0,0,0,0,0,0,0,0,0,0
cupeyalensis,NA,NA,NA,NA,NA,NA,NA,NA,NA,4,-0.125403839,0.028252437,NA,NA,NA,GA,GA,GA,0,0,0,0,0,0,0,0,0,1,0,0,0,0,0
cupreus,15,3.806884687,-0.012414572,-0.074961144,-0.025670171,-0.026347143,0.023510015,0.017027026,0.034674332,3,-0.265844883,-0.101583243,14,4.371850028,4.474947599,M2,M2-Sympatric,M2-Derived,0,1,1,0,0,0,0,0,0,0,0,0,0,0,0
cuprinus,NA,NA,NA,NA,NA,NA,NA,NA,NA,NA,NA,NA,NA,NA,NA,M2,M2-Allopatric,M2-Early,0,1,0,0,0,0,0,0,0,0,0,0,0,0,0
cuscoensis,NA,NA,NA,NA,NA,NA,NA,NA,NA,4,0.095069015,0.05677676,NA,NA,NA,M1,M1,M1,0,0,0,0,0,1,0,0,0,0,0,0,0,0,1
cusuco,NA,NA,NA,NA,NA,NA,NA,NA,NA,NA,NA,NA,NA,NA,NA,M2,M2-Allopatric,M2-Early,0,1,0,0,0,0,0,0,0,0,0,0,0,0,0
cuvieri,NA,NA,NA,NA,NA,NA,NA,NA,NA,4,0.012140258,-0.021853725,NA,NA,NA,GA,GA,GA,0,0,0,0,0,0,0,0,1,0,0,0,0,0,0
cyanopleurus,NA,NA,NA,NA,NA,NA,NA,NA,NA,6,0.036164883,0.07090654,NA,NA,NA,GA,GA,GA,0,0,0,0,0,0,0,0,0,1,0,0,0,0,0
cybotes,45,4.130676491,-0.082553355,0.190315348,0.308827365,0.316258688,0.137593435,0.270138046,0.090714165,5,-0.127242853,-0.051065702,7,4.106108429,4.840795515,GA,GA,GA,0,0,0,0,0,0,0,0,0,0,1,0,0,0,0
danieli,1,4.543932877,0.616523442,NA,NA,NA,0.148465776,0.080839378,0.139432839,NA,NA,NA,NA,NA,NA,M1,M1,M1,0,0,0,0,0,1,0,0,0,0,0,0,0,0,1
darlingtoni,1,4.303794786,-0.402490651,0.153674748,-0.011557017,0.050587846,-0.269079994,-0.24804034,-0.157749588,2,0.022813078,0.021792375,NA,NA,NA,GA,GA,GA,0,0,0,0,0,0,0,0,0,0,1,0,0,0,0
datzorum,NA,NA,NA,NA,NA,NA,NA,NA,NA,NA,NA,NA,NA,NA,NA,M2,M2-Sympatric,M2-Early,0,0,1,0,0,0,0,0,0,0,0,0,0,0,0
desechensis,NA,NA,NA,NA,NA,NA,NA,NA,NA,3,0.185433289,0.281454376,NA,NA,NA,GA,GA,GA,0,0,0,0,0,0,0,0,1,0,0,0,0,0,0
desiradei,NA,NA,NA,NA,NA,NA,NA,NA,NA,NA,NA,NA,NA,NA,NA,GA,GA,GA,0,0,0,0,0,0,0,1,0,0,0,0,0,0,0
dissimilis,1,4.057680578,0.090468991,0.091162134,-0.186007512,0.021576558,-0.400054944,-0.260652739,-0.255748082,1,-0.050592813,-0.302436926,NA,NA,NA,M1,M1,M1,0,0,0,0,0,0,1,0,0,0,0,0,0,0,1
distichus,62,3.86514102,-0.397677993,-0.022187403,0.193304995,0.068135074,0.021552372,0.263063342,0.111662438,5,0.172316948,0.02766092,28,4.921221032,4.498697941,GA,GA,GA,0,0,0,0,0,0,0,0,0,0,1,0,0,0,0
dolichocephalus,3,3.866188469,0.392001709,0.16741148,-0.113824138,-0.071659182,0.046765263,-0.218001738,-0.145981413,6,0.092702473,0.222577351,NA,NA,NA,GA,GA,GA,0,0,0,0,0,0,0,0,0,0,1,0,0,0,0
dollfusianus,1,3.657130756,-0.077249707,0.014934804,0.073164013,0.060345823,0.125190574,-0.15491229,0.015786513,4,-0.098785479,-0.074289651,NA,NA,NA,M2,M2-Allopatric,M2-Derived,0,1,0,0,0,0,0,0,0,0,0,0,0,0,0
dominicensis,NA,NA,NA,NA,NA,NA,NA,NA,NA,NA,NA,NA,NA,NA,NA,GA,GA,GA,0,0,0,0,0,0,0,0,0,0,1,0,0,0,0
equestris,NA,NA,NA,NA,NA,NA,NA,NA,NA,6,0.149362065,0.210128087,NA,NA,NA,GA,GA,GA,0,0,0,0,0,0,0,0,0,1,0,0,0,0,0
ernestwilliamsi,NA,NA,NA,NA,NA,NA,NA,NA,NA,3,-0.051373327,0.070969274,NA,NA,NA,GA,GA,GA,0,0,0,0,0,0,0,0,1,0,0,0,0,0,0
etheridgei,3,3.762362231,0.29325583,0.0213255,0.083616469,0.146410805,0.22892756,0.089820939,0.082478554,6,0.031150767,0.063491805,NA,NA,NA,GA,GA,GA,0,0,0,0,0,0,0,0,0,0,1,0,0,0,0
eugenegrahami,NA,NA,NA,NA,NA,NA,NA,NA,NA,7,0.215881555,0.181284971,NA,NA,NA,GA,GA,GA,0,0,0,0,0,0,0,0,0,0,1,0,0,0,0
eulaemus,1,4.608265391,NA,NA,NA,NA,0.094998089,0.011694079,0.073355474,NA,NA,NA,NA,NA,NA,M1,M1,M1,0,0,0,0,0,1,0,0,0,0,0,0,0,0,1
euskalerriari,NA,NA,NA,NA,NA,NA,NA,NA,NA,NA,NA,NA,NA,NA,NA,M1,M1,M1,0,0,0,0,0,1,0,0,0,0,0,0,0,0,1
evermanni,21,4.102643365,-0.100932333,0.009626504,-0.071787388,-0.217147292,0.024243406,0.417635922,0.069788007,5,0.301508499,0.250483742,23,4.762173935,4.700480366,GA,GA,GA,0,0,0,0,0,0,0,0,1,0,0,0,0,0,0
extremus,NA,NA,NA,NA,NA,NA,NA,NA,NA,NA,NA,NA,NA,NA,NA,SLA,SLA,SLA,0,0,0,0,0,0,0,1,0,0,0,0,0,0,0
fairchildi,NA,NA,NA,NA,NA,NA,NA,NA,NA,NA,NA,NA,NA,NA,NA,GA,GA,GA,0,0,0,0,0,0,0,0,0,0,0,0,1,0,0
fasciatus,3,4.231058386,0.218508459,-0.159262707,-0.183051445,-0.230070273,0.052769684,-0.189647649,0.03586883,NA,NA,NA,NA,NA,NA,M1,M1,M1,0,0,0,1,0,1,0,0,0,0,0,0,0,0,1
favillarum,NA,NA,NA,NA,NA,NA,NA,NA,NA,NA,NA,NA,NA,NA,NA,GA,GA,GA,0,0,0,0,0,0,0,0,0,0,1,0,0,0,0
ferreus,4,4.473237515,-0.182923849,0.159385396,0.225673894,0.223443602,0.047876108,0.035801358,0.072042242,3,0.215800352,0.14950367,NA,NA,NA,GA,GA,GA,0,0,0,0,0,0,0,1,0,0,0,0,0,0,0
festae,5,3.900759813,0.161272629,-0.010427946,-0.125278316,-0.18196519,-0.08712688,0.164101886,0.025167696,5,-0.077016332,-0.008927029,4,5.170483995,2.374905755,M1,M1,M1,0,0,0,1,0,0,0,0,0,0,0,0,0,0,1
fitchi,7,4.356195875,0.282172328,-0.057637101,-0.112357677,-0.084051254,0.183465741,0.281724781,0.153877021,5,-0.055746698,0.050856125,3,5.319736334,3.349904087,M1,M1,M1,0,0,0,0,0,1,1,0,0,0,0,0,0,0,1
forresti,NA,NA,NA,NA,NA,NA,NA,NA,NA,NA,NA,NA,NA,NA,NA,GA,GA,GA,0,0,0,0,0,0,0,1,0,0,0,0,0,0,0
fortunensis,NA,NA,NA,NA,NA,NA,NA,NA,NA,7,-0.157054135,-0.108723737,NA,NA,NA,M2,M2-Sympatric,M2-Derived,0,0,1,0,0,0,0,0,0,0,0,0,0,0,0
fowleri,NA,NA,NA,NA,NA,NA,NA,NA,NA,1,-0.102521575,-0.277809776,NA,NA,NA,GA,GA,GA,0,0,0,0,0,0,0,0,0,0,1,0,0,0,0
fraseri,7,4.670489652,0.23863154,-0.022934685,-0.022525472,0.018949682,-0.116255181,-0.051841027,-0.074579104,4,-0.314079297,-0.274947043,3,6.838758836,1.735189118,M1,M1,M1,0,0,0,1,0,1,0,0,0,0,0,0,0,0,1
frenatus,5,4.822697999,0.12375738,-0.094985483,-0.05755027,-0.074260609,0.128385553,0.078299844,0.088277784,5,-0.151190931,-0.104349311,8,4.356708827,2.434490164,M1,M1,M1,0,0,1,1,1,0,0,0,0,0,0,0,0,0,1
fugitivus,NA,NA,NA,NA,NA,NA,NA,NA,NA,5,-0.028234633,0.009568809,NA,NA,NA,GA,GA,GA,0,0,0,0,0,0,0,0,0,1,0,0,0,0,0
fungosus,NA,NA,NA,NA,NA,NA,NA,NA,NA,NA,NA,NA,NA,NA,NA,M2,M2-Sympatric,M2-Derived,0,0,1,0,0,0,0,0,0,0,0,0,0,0,0
fuscoauratus,3,3.687878954,0.045609677,-0.046883846,-0.052660465,-0.000643463,0.042412862,-0.116498159,0.015705053,5,-0.00390163,-0.043957953,NA,NA,NA,M2,M2-Sympatric,M2-Derived,0,0,0,0,0,0,1,0,0,0,0,0,0,0,1
gaigei,3,3.896096855,0.120179608,-0.022283681,-0.02188679,-0.026742672,0.161429953,-0.021742946,0.09860241,NA,NA,NA,NA,NA,NA,M2,M2-Sympatric,M2-Derived,0,0,0,0,1,0,0,0,0,0,0,0,0,0,1
garmani,2,4.65396035,-0.070019812,0.026418449,-2.24E-05,-0.02653272,-0.059871019,0.260570999,-0.04410789,5,0.047895565,0.061018903,1,4.882801923,3.970291914,GA,GA,GA,0,0,0,0,0,0,0,0,0,0,0,1,0,0,0
garridoi,NA,NA,NA,NA,NA,NA,NA,NA,NA,4,0.184876655,0.082505968,NA,NA,NA,GA,GA,GA,0,0,0,0,0,0,0,0,0,1,0,0,0,0,0
gemmosus,17,4.081090447,0.349484219,-0.07609096,-0.094228407,-0.061006552,0.128156839,0.281198316,0.074641367,5,-0.175754924,0.047533123,10,4.784988613,2.259677592,M1,M1,M1,0,0,0,1,0,1,0,0,0,0,0,0,0,0,1
ginaelisae,NA,NA,NA,NA,NA,NA,NA,NA,NA,NA,NA,NA,NA,NA,NA,M1,M1,M1,0,0,1,0,0,0,0,0,0,0,0,0,0,0,0
gingivinus,NA,NA,NA,NA,NA,NA,NA,NA,NA,NA,NA,NA,NA,NA,NA,GA,GA,GA,0,0,0,0,0,0,0,1,0,0,0,0,0,0,0
gorgonae,4,4.051437061,0.080999948,-0.136013483,-0.131084103,-0.178705119,0.062857493,0.248398334,0.1809261,NA,NA,NA,6,5.802631839,3.879499814,M1,M1,M1,0,0,0,1,0,0,0,0,0,0,0,0,0,0,1
gracilipes,5,3.925728652,0.133891668,-0.079556486,-0.071362541,-0.0771,0.184296727,0.08023614,0.097129186,3,-0.216937897,-0.117065266,4,4.266194819,2.397895273,M2,M2-Sympatric,M2-Early,0,0,0,1,0,0,0,0,0,0,0,0,0,0,1
grahami,9,4.119199763,-0.09155253,0.058439785,0.034462224,-0.076664984,-0.07168354,0.311793739,0.020875603,6,0.252627965,0.134089391,23,5.153291594,4.394449155,GA,GA,GA,0,0,0,0,0,0,0,0,0,0,0,1,0,0,0
granuliceps,3,3.689629173,0.008777348,-0.069083929,-0.017647763,0.005652174,0.213778964,0.001387025,0.05746824,NA,NA,NA,NA,NA,NA,M2,M2-Sympatric,M2-Derived,0,0,0,1,0,0,0,0,0,0,0,0,0,0,1
griseus,3,4.659279512,0.300877545,-0.020418105,0.105221605,0.088825958,0.073541367,-0.209897618,0.02642457,3,0.013721764,0.089079128,NA,NA,NA,SLA,SLA,SLA,0,0,0,0,0,0,0,1,0,0,0,0,0,0,0
gruuo,NA,NA,NA,NA,NA,NA,NA,NA,NA,NA,NA,NA,NA,NA,NA,M2,M2-Sympatric,M2-Derived,0,0,1,0,0,0,0,0,0,0,0,0,0,0,0
guafe,NA,NA,NA,NA,NA,NA,NA,NA,NA,6,0.054089897,0.026585009,NA,NA,NA,GA,GA,GA,0,0,0,0,0,0,0,0,0,1,0,0,0,0,0
guamuhaha,NA,NA,NA,NA,NA,NA,NA,NA,NA,NA,NA,NA,NA,NA,NA,GA,GA,GA,0,0,0,0,0,0,0,0,0,1,0,0,0,0,0
guazuma,NA,NA,NA,NA,NA,NA,NA,NA,NA,5,0.123858102,0.014393386,NA,NA,NA,GA,GA,GA,0,0,0,0,0,0,0,0,0,1,0,0,0,0,0
gundlachi,45,4.193737306,-0.161898265,0.083152636,0.02162564,0.008186633,0.120962982,0.404685757,0.08299734,6,-0.111824669,-0.09122909,35,4.859812404,4.025351691,GA,GA,GA,0,0,0,0,0,0,0,0,1,0,0,0,0,0,0
haetianus,NA,NA,NA,NA,NA,NA,NA,NA,NA,6,-0.120319207,-0.0308345,NA,NA,NA,GA,GA,GA,0,0,0,0,0,0,0,0,0,0,1,0,0,0,0
hendersoni,3,3.851210866,0.315153848,0.14006138,-0.158503518,-0.076687191,0.051588226,-0.184584872,-0.103960414,6,0.086542391,0.202532291,NA,NA,NA,GA,GA,GA,0,0,0,0,0,0,0,0,0,0,1,0,0,0,0
heterodermus,6,4.26745718,-0.177108455,0.029616864,-0.036485817,0.046233747,-0.348179011,0.076061428,-0.095868013,4,0.045850095,-0.113266336,14,5.087164143,0.75612198,M1,M1,M1,0,0,0,0,0,1,0,0,0,0,0,0,0,0,1
heteropholidotus,1,3.870784257,-0.013924642,NA,NA,NA,0.128201325,-0.003808144,0.035324636,1,-0.133111088,-0.093720328,NA,NA,NA,M2,M2-Allopatric,M2-Early,0,1,0,0,0,0,0,0,0,0,0,0,0,0,0
hobartsmithi,1,3.954124181,NA,0.034997252,0.083293599,0.170217377,0.118797469,-0.015362839,0.014191449,2,-0.017751579,-0.115641675,NA,NA,NA,M2,M2-Allopatric,M2-Early,0,1,0,0,0,0,0,0,0,0,0,0,0,0,0
homolechis,NA,NA,NA,NA,NA,NA,NA,NA,NA,6,0.003877462,0.030532753,NA,NA,NA,GA,GA,GA,0,0,0,0,0,0,0,0,0,1,0,0,0,0,0
huilae,4,4.281930018,0.234249406,-0.070533622,-0.143932053,-0.1417236,-0.030015054,-0.162359559,-0.079906352,NA,NA,NA,NA,NA,NA,M1,M1,M1,0,0,0,0,0,1,0,0,0,0,0,0,0,0,1
humilis,30,3.488292089,-0.240504481,0.016471713,0.083839088,0.055324772,0.121892212,0.197226547,0.101100646,3,-0.209052385,-0.262974132,38,3.844600329,3.375879574,M2,M2-Sympatric,M2-Derived,0,0,1,0,0,0,0,0,0,0,0,0,0,0,0
ibanezi,1,4.366659158,0.299928752,-0.082376231,-0.094933558,0.009501601,0.106646941,-0.214988604,0.020626074,NA,NA,NA,NA,NA,NA,M1,M1,M1,0,0,1,0,0,0,0,0,0,0,0,0,0,0,0
ignigularis,NA,NA,NA,NA,NA,NA,NA,NA,NA,NA,NA,NA,NA,NA,NA,GA,GA,GA,0,0,0,0,0,0,0,0,0,0,1,0,0,0,0
imias,NA,NA,NA,NA,NA,NA,NA,NA,NA,5,-0.048312096,-0.148447926,NA,NA,NA,GA,GA,GA,0,0,0,0,0,0,0,0,0,1,0,0,0,0,0
inderenae,NA,NA,NA,NA,NA,NA,NA,NA,NA,NA,NA,NA,NA,NA,NA,M1,M1,M1,0,0,0,0,0,1,0,0,0,0,0,0,0,0,1
inexpectatus,NA,NA,NA,NA,NA,NA,NA,NA,NA,5,0.010547473,0.057734852,NA,NA,NA,GA,GA,GA,0,0,0,0,0,0,0,0,0,1,0,0,0,0,0
insignis,NA,NA,NA,NA,NA,NA,NA,NA,NA,3,-0.18234942,-0.204289337,NA,NA,NA,M1,M1,M1,0,0,1,0,0,0,0,0,0,0,0,0,0,0,0
insolitus,NA,NA,NA,NA,NA,NA,NA,NA,NA,5,0.033676284,-0.00695514,NA,NA,NA,GA,GA,GA,0,0,0,0,0,0,0,0,0,0,1,0,0,0,0
isolepis,NA,NA,NA,NA,NA,NA,NA,NA,NA,3,0.303151662,0.087993909,NA,NA,NA,GA,GA,GA,0,0,0,0,0,0,0,0,0,1,0,0,0,0,0
jacare,2,4.298916728,0.175260544,-0.01662287,-0.043991382,0.011206988,-0.098172631,-0.130410639,-0.024380693,1,0.011097967,-0.031488065,NA,NA,NA,M1,M1,M1,0,0,0,0,0,1,0,0,0,0,0,0,0,0,1
johnmeyeri,NA,NA,NA,NA,NA,NA,NA,NA,NA,NA,NA,NA,NA,NA,NA,M2,M2-Allopatric,M2-Early,0,1,0,0,0,0,0,0,0,0,0,0,0,0,0
juangundlachi,NA,NA,NA,NA,NA,NA,NA,NA,NA,4,-0.04326189,0.087320009,NA,NA,NA,GA,GA,GA,0,0,0,0,0,0,0,0,0,1,0,0,0,0,0
jubar,NA,NA,NA,NA,NA,NA,NA,NA,NA,7,0.005453213,-0.030289907,NA,NA,NA,GA,GA,GA,0,0,0,0,0,0,0,0,0,1,0,0,0,0,0
kahouannensis,NA,NA,NA,NA,NA,NA,NA,NA,NA,NA,NA,NA,NA,NA,NA,GA,GA,GA,0,0,0,0,0,0,0,1,0,0,0,0,0,0,0
kemptoni,4,3.935739532,0.181799444,-0.052259451,-0.133284388,-0.05842671,-0.130976217,-0.114719693,-0.181538384,4,-0.199165274,-0.165696166,NA,NA,NA,M2,M2-Sympatric,M2-Derived,0,1,1,0,0,0,0,0,0,0,0,0,0,0,0
koopmani,3,3.675287501,0.177732807,0.065812556,-0.073137913,0.043957756,0.053703959,-0.194850039,-0.103896072,2,0.143989159,0.197007248,NA,NA,NA,GA,GA,GA,0,0,0,0,0,0,0,0,0,0,1,0,0,0,0
kreutzi,NA,NA,NA,NA,NA,NA,NA,NA,NA,NA,NA,NA,NA,NA,NA,M2,M2-Allopatric,M2-Early,0,1,0,0,0,0,0,0,0,0,0,0,0,0,0
krugi,28,3.946231177,0.305623721,0.052495892,-0.067111502,-0.037803614,0.036278103,0.319384006,-0.021458585,6,0.090972004,0.154382556,32,4.143134726,4.682131227,GA,GA,GA,0,0,0,0,0,0,0,0,1,0,0,0,0,0,0
kunayalae,NA,NA,NA,NA,NA,NA,NA,NA,NA,4,-0.69530792,-0.594332989,NA,NA,NA,M1,M1,M1,0,0,1,0,0,0,0,0,0,0,0,0,0,0,0
laevis,NA,NA,NA,NA,NA,NA,NA,NA,NA,NA,NA,NA,NA,NA,NA,M1,M1,M1,0,0,0,0,0,0,1,0,0,0,0,0,0,0,1
lamari,NA,NA,NA,NA,NA,NA,NA,NA,NA,NA,NA,NA,NA,NA,NA,M1,M1,M1,0,0,0,0,0,1,0,0,0,0,0,0,0,0,1
latifrons,3,4.81283455,0.206321357,-0.002833646,0.038028645,0.01612352,0.151485392,-0.144268618,0.045461692,2,-0.094551723,-0.033613716,NA,NA,NA,M1,M1,M1,0,0,1,1,0,0,0,0,0,0,0,0,0,0,1
leachii,10,4.492785055,-0.070942274,0.043934513,0.059930778,-0.058238276,-0.043490122,-0.192335094,-0.045858022,2,0.192980031,0.233445106,4,5.598421959,2.525728644,GA,GA,GA,0,0,0,0,0,0,0,1,0,0,0,0,0,0,0
limifrons,34,3.660222745,0.10906491,-0.036189398,-0.06539393,-0.093008315,0.120112113,0.077245011,0.042930372,6,-0.086424904,0.000270301,32,4.142975984,4.189200093,M2,M2-Sympatric,M2-Derived,0,1,1,0,0,0,0,0,0,0,0,0,0,0,0
limon,NA,NA,NA,NA,NA,NA,NA,NA,NA,NA,NA,NA,NA,NA,NA,M1,M1,M1,0,0,0,0,0,1,0,0,0,0,0,0,0,0,1
lineatopus,17,4.07702884,-0.11290156,0.097328801,0.008352128,-0.042554093,0.039721721,0.352644501,0.0639983,5,-0.078476334,-0.079757064,14,4.262679877,4.110873864,GA,GA,GA,0,0,0,0,0,0,0,0,0,0,0,1,0,0,0
lineatus,21,4.24017501,-0.004033889,-0.060519191,-0.065174184,-0.018496484,0.015427092,-0.035431215,0.036887663,5,-0.17569202,-0.15853592,52,4.884845288,2.746629683,SecondaryColonizedIsland,SecondaryColonizedIsland,SecondaryColonizedIsland,0,0,0,0,0,0,0,1,0,0,0,0,0,0,0
lionotus,10,4.197352312,-0.23691636,-0.125968041,-0.148804962,-0.136071661,0.07413194,0.220653074,0.010648829,5,-0.228206804,-0.240409048,21,4.131158535,3.092858984,M2,M2-Sympatric,M2-Derived,0,1,1,0,0,0,0,0,0,0,0,0,0,0,0
litoralis,NA,NA,NA,NA,NA,NA,NA,NA,NA,7,0.137444415,0.046262934,NA,NA,NA,GA,GA,GA,0,0,0,0,0,0,0,0,0,1,0,0,0,0,0
lividus,NA,NA,NA,NA,NA,NA,NA,NA,NA,5,0.181642526,0.13227415,NA,NA,NA,GA,GA,GA,0,0,0,0,0,0,0,1,0,0,0,0,0,0,0
longiceps,NA,NA,NA,NA,NA,NA,NA,NA,NA,3,0.275962262,0.248962085,NA,NA,NA,GA,GA,GA,0,0,0,0,0,0,0,0,0,0,1,0,0,0,0
longitibialis,NA,NA,NA,NA,NA,NA,NA,NA,NA,7,-0.137590766,-0.171680683,NA,NA,NA,GA,GA,GA,0,0,0,0,0,0,0,0,0,0,1,0,0,0,0
loveridgei,2,4.700662167,0.009184467,0.029327085,0.053321127,0.101652104,0.063648298,0.076741881,0.001024833,3,-0.047919847,-0.078217274,NA,NA,NA,M2,M2-Allopatric,M2-Early,0,1,0,0,0,0,0,0,0,0,0,0,0,0,0
loysianus,3,3.701301974,NA,0.062080874,0.133896209,0.035158438,-0.18351342,0.163566351,0.132720134,5,0.183617433,0.04444993,NA,NA,NA,GA,GA,GA,0,0,0,0,0,0,0,0,0,1,0,0,0,0,0
luciae,NA,NA,NA,NA,NA,NA,NA,NA,NA,4,0.160744409,0.173137701,NA,NA,NA,SLA,SLA,SLA,0,0,0,0,0,0,0,1,0,0,0,0,0,0,0
lucius,3,4.194943761,-0.05887015,0.054531703,0.080104039,0.02957384,0.092573872,0.020484325,0.104029184,5,0.274984686,0.262555176,NA,NA,NA,GA,GA,GA,0,0,0,0,0,0,0,0,0,1,0,0,0,0,0
luteogularis,NA,NA,NA,NA,NA,NA,NA,NA,NA,7,0.16648132,0.253126479,NA,NA,NA,GA,GA,GA,0,0,0,0,0,0,0,0,0,1,0,0,0,0,0
luteosignifer,NA,NA,NA,NA,NA,NA,NA,NA,NA,NA,NA,NA,NA,NA,NA,GA,GA,GA,0,0,0,0,0,0,0,0,0,1,0,0,0,0,0
lynchi,3,4.081090447,0.113601857,-0.140587421,-0.129793161,-0.050941765,0.162390951,-0.024832895,0.032595202,5,-0.109923939,-0.112965399,NA,NA,NA,M2,M2-Sympatric,M2-Derived,0,0,0,1,0,0,0,0,0,0,0,0,0,0,1
lyra,6,4.076180592,0.234463393,-0.038609652,-0.049258201,-0.077958911,0.023665651,0.10923743,0.011422727,NA,NA,NA,NA,NA,NA,M2,M2-Sympatric,M2-Derived,0,0,0,1,0,0,0,0,0,0,0,0,0,0,1
macilentus,NA,NA,NA,NA,NA,NA,NA,NA,NA,3,0.05783905,0.112991158,NA,NA,NA,GA,GA,GA,0,0,0,0,0,0,0,0,0,1,0,0,0,0,0
macrolepis,3,4.108904714,-0.049056623,-0.108420857,-0.119144686,-0.06203158,0.062651301,-0.071402129,0.023579012,NA,NA,NA,NA,NA,NA,M2,M2-Sympatric,M2-Derived,0,0,0,1,0,0,0,0,0,0,0,0,0,0,1
macrophallus,NA,NA,NA,NA,NA,NA,NA,NA,NA,5,-0.091597274,-0.074123203,NA,NA,NA,M2,M2-Allopatric,M2-Derived,0,1,0,0,0,0,0,0,0,0,0,0,0,0,0
maculigula,1,4.500698164,0.095894104,-0.120218911,-0.126174853,-0.125969807,0.04976826,-0.102178323,0.072510094,NA,NA,NA,NA,NA,NA,M1,M1,M1,0,0,0,0,0,1,0,0,0,0,0,0,0,0,1
maculiventris,3,3.772071045,-0.205067142,-0.073010909,-0.164703316,-0.148386234,0.033796258,0.216773179,-0.008552058,NA,NA,NA,NA,NA,NA,M2,M2-Sympatric,M2-Derived,0,0,0,1,1,1,0,0,0,0,0,0,0,0,1
magnaphallus,2,3.906608373,0.036467817,-0.029270947,0.030307701,0.043452886,0.058986968,-0.183962797,-0.019583882,NA,NA,NA,NA,NA,NA,M2,M2-Sympatric,M2-Derived,0,0,1,0,0,0,0,0,0,0,0,0,0,0,0
marcanoi,NA,NA,NA,NA,NA,NA,NA,NA,NA,5,0.013920408,0.054390894,NA,NA,NA,GA,GA,GA,0,0,0,0,0,0,0,0,0,0,1,0,0,0,0
mariarum,6,3.864512023,-0.005009778,-0.05582895,-0.018109443,-0.010087782,-0.016982313,-0.010037547,-0.041274117,NA,NA,NA,NA,NA,NA,M2,M2-Sympatric,M2-Derived,0,0,0,0,0,1,0,0,0,0,0,0,0,0,1
marmoratus,16,4.166510173,-0.088210227,0.024275019,0.070225496,-0.00481647,0.277729702,-0.072095785,0.034816624,3,0.126425713,0.188253187,14,5.156580976,3.285038027,GA,GA,GA,0,0,0,0,0,0,0,1,0,0,0,0,0,0,0
marron,NA,NA,NA,NA,NA,NA,NA,NA,NA,5,0.108079058,0.010006918,NA,NA,NA,GA,GA,GA,0,0,0,0,0,0,0,0,0,0,1,0,0,0,0
marsupialis,2,3.570095918,NA,-0.039195334,0.016036275,0.022885625,0.080576025,-0.089420821,0.061155592,NA,NA,NA,NA,NA,NA,M2,M2-Sympatric,M2-Early,0,0,1,0,0,0,0,0,0,0,0,0,0,0,0
matudai,NA,NA,NA,NA,NA,NA,NA,NA,NA,NA,NA,NA,NA,NA,NA,M2,M2-Allopatric,M2-Early,0,1,0,0,0,0,0,0,0,0,0,0,0,0,0
maynardi,30,4.252487263,0.010675916,0.115809398,-0.086318816,-0.187649292,-0.151056263,-0.018074777,-0.078968286,4,0.202357228,0.13933728,58,5.253372301,1.806648082,GA,GA,GA,0,0,0,0,0,0,0,0,0,1,0,0,0,0,0
medemi,34,3.924741778,-0.030658269,-0.126619174,-0.119594868,-0.165929537,0.076758824,0.164260473,0.024279991,NA,NA,NA,38,5.301462416,3.671224519,M2,M2-Sympatric,M2-Derived,0,0,0,1,0,0,0,0,0,0,0,0,0,0,1
megalopithecus,NA,NA,NA,NA,NA,NA,NA,NA,NA,NA,NA,NA,NA,NA,NA,M1,M1,M1,0,0,0,0,0,1,0,0,0,0,0,0,0,0,1
menta,1,3.958715733,-0.115343941,0.1498293,-0.078037767,0.022876997,-0.216564145,-0.122243613,-0.117386329,NA,NA,NA,NA,NA,NA,M1,M1,M1,0,0,0,0,1,0,0,0,0,0,0,0,0,0,1
meridionalis,2,3.828858764,0.252654982,-0.084166345,0.012761862,0.039529035,-0.047230498,-0.028650883,0.040958049,2,-0.259399093,-0.223794765,NA,NA,NA,M2,M2-Sympatric,M2-Early,0,0,0,0,0,0,1,0,0,0,0,0,0,0,1
mestrei,NA,NA,NA,NA,NA,NA,NA,NA,NA,8,0.001676557,0.011194489,NA,NA,NA,GA,GA,GA,0,0,0,0,0,0,0,0,0,1,0,0,0,0,0
microtus,NA,NA,NA,NA,NA,NA,NA,NA,NA,1,-0.13054709,-0.171623597,NA,NA,NA,M1,M1,M1,0,0,1,0,0,0,0,0,0,0,0,0,0,0,0
mirus,NA,NA,NA,NA,NA,NA,NA,NA,NA,NA,NA,NA,NA,NA,NA,M1,M1,M1,0,0,0,1,0,0,0,0,0,0,0,0,0,0,1
monensis,NA,NA,NA,NA,NA,NA,NA,NA,NA,5,0.189949427,0.138280452,NA,NA,NA,GA,GA,GA,0,0,0,0,0,0,0,0,1,0,0,0,0,0,0
monteverde,NA,NA,NA,NA,NA,NA,NA,NA,NA,NA,NA,NA,NA,NA,NA,M2,M2-Sympatric,M2-Derived,0,0,1,0,0,0,0,0,0,0,0,0,0,0,0
monticola,3,3.821003607,-0.023656314,0.065525737,0.006511576,0.096820255,0.224113492,0.10641689,0.094376021,7,0.0741259,0.082101433,NA,NA,NA,GA,GA,GA,0,0,0,0,0,0,0,0,0,0,1,0,0,0,0
morazani,3,3.75044481,0.340327485,0.043964684,0.159430801,0.138815015,0.076620161,-0.007531139,0.063642411,1,-0.078831432,-0.102572088,NA,NA,NA,M2,M2-Allopatric,M2-Early,0,1,0,0,0,0,0,0,0,0,0,0,0,0,0
muralla,NA,NA,NA,NA,NA,NA,NA,NA,NA,NA,NA,NA,NA,NA,NA,M2,M2-Allopatric,M2-Early,0,1,0,0,0,0,0,0,0,0,0,0,0,0,0
nasofrontalis,NA,NA,NA,NA,NA,NA,NA,NA,NA,NA,NA,NA,NA,NA,NA,M1,M1,M1,0,0,0,0,0,0,1,0,0,0,0,0,0,0,1
neblininus,NA,NA,NA,NA,NA,NA,NA,NA,NA,NA,NA,NA,NA,NA,NA,M1,M1,M1,0,0,0,0,0,0,1,0,0,0,0,0,0,0,1
nelsoni,3,4.21582446,0.032963696,-0.072618228,0.038557975,0.040880245,0.051013847,-0.101913005,0.040330074,NA,NA,NA,NA,NA,NA,SecondaryColonizedIsland,SecondaryColonizedIsland,SecondaryColonizedIsland,0,1,0,0,0,0,0,0,0,0,0,0,0,1,0
nicefori,1,3.952012654,-0.258043112,0.125729209,-0.03728418,0.029651709,-0.43436495,-0.354824382,-0.223048472,1,0.146041126,-0.033979051,NA,NA,NA,M1,M1,M1,0,0,0,0,0,1,0,0,0,0,0,0,0,0,1
noblei,NA,NA,NA,NA,NA,NA,NA,NA,NA,3,0.217998458,0.281235949,NA,NA,NA,GA,GA,GA,0,0,0,0,0,0,0,0,0,1,0,0,0,0,0
notopholis,3,3.901366425,0.201447281,-0.039365703,0.021470825,0.067212914,0.159929759,0.014093827,0.059969524,NA,NA,NA,NA,NA,NA,M2,M2-Sympatric,M2-Early,0,0,0,1,0,0,0,0,0,0,0,0,0,0,1
nubilus,29,4.373364224,-0.26573603,0.048345066,0.074252943,-0.000306956,-0.021499381,-0.008710008,0.014286102,5,0.255847406,0.20952255,29,4.911551336,4.097173889,GA,GA,GA,0,0,0,0,0,0,0,1,0,0,0,0,0,0,0
occultus,1,3.612808017,-0.630114706,0.068282711,-0.31777144,-0.189769597,-0.611492281,0.023489898,-0.293766575,2,-0.021582076,-0.006732801,NA,NA,NA,GA,GA,GA,0,0,0,0,0,0,0,0,1,0,0,0,0,0,0
ocelloscapularis,NA,NA,NA,NA,NA,NA,NA,NA,NA,1,0.115030186,0.000811893,NA,NA,NA,M2,M2-Allopatric,M2-Derived,0,1,0,0,0,0,0,0,0,0,0,0,0,0,0
oculatus,81,4.204543355,-0.063188836,-0.102802268,0.146461224,0.116250788,0.091566333,-0.063784884,0.00300365,7,0.055211843,0.04743829,81,4.574504772,3.993049844,GA,GA,GA,0,0,0,0,0,0,0,1,0,0,0,0,0,0,0
oligaspis,NA,NA,NA,NA,NA,NA,NA,NA,NA,NA,NA,NA,NA,NA,NA,GA,GA,GA,0,0,0,0,0,0,0,0,0,0,0,0,1,0,0
olssoni,26,3.805995601,0.519987482,-0.048405135,-0.163601898,-0.062976411,0.042913327,0.025680126,-0.176187452,7,-0.071276285,0.14651782,18,4.168369198,0.350656872,GA,GA,GA,0,0,0,0,0,0,0,0,0,0,1,0,0,0,0
onca,10,4.404766122,0.038258307,0.001457534,0.060823742,0.069868857,-0.025989791,0.201518557,0.08534157,5,-0.4048751,-0.320506324,3,3.768845236,1.05431203,M2,M2-Sympatric,M2-Early,0,0,0,0,1,0,0,0,0,0,0,0,0,0,1
opalinus,NA,NA,NA,NA,NA,NA,NA,NA,NA,5,0.288374104,0.260418073,NA,NA,NA,GA,GA,GA,0,0,0,0,0,0,0,0,0,0,0,1,0,0,0
ophiolepis,NA,NA,NA,NA,NA,NA,NA,NA,NA,6,-0.047866439,-0.008486082,NA,NA,NA,GA,GA,GA,0,0,0,0,0,0,0,0,0,1,0,0,0,0,0
oporinus,NA,NA,NA,NA,NA,NA,NA,NA,NA,NA,NA,NA,NA,NA,NA,GA,GA,GA,0,0,0,0,0,0,0,0,0,1,0,0,0,0,0
orcesi,14,3.65221547,-0.37717222,0.032290311,-0.045214817,0.12258119,-0.374758486,0.166837308,-0.098809415,3,-0.0121914,-0.06844022,5,5.560681631,-0.478035801,M1,M1,M1,0,0,0,0,0,1,0,0,0,0,0,0,0,0,1
ortonii,3,3.853546076,-0.003103944,-0.049370181,0.015872059,-0.005865739,-0.061718918,0.071456238,0.076650957,5,0.080601115,0.050812355,NA,NA,NA,M2,M2-Sympatric,M2-Early,0,0,0,0,0,0,1,0,0,0,0,0,0,0,1
otongae,NA,NA,NA,NA,NA,NA,NA,NA,NA,5,-0.016871153,-0.004153892,NA,NA,NA,M1,M1,M1,0,0,0,0,0,1,0,0,0,0,0,0,0,0,1
oxylophus,5,4.112839145,-0.06239816,-0.115915559,-0.096910876,-0.067415516,0.072361756,0.155732995,0.011780981,2,-0.270841286,-0.28766398,4,4.414493825,4.629570073,M2,M2-Sympatric,M2-Derived,0,1,1,0,0,0,0,0,0,0,0,0,0,0,0
pachypus,3,3.819249605,-0.119834564,0.005973205,0.056287769,0.106586649,0.108948804,-0.013714964,0.013977764,6,-0.097225653,-0.193512623,NA,NA,NA,M2,M2-Sympatric,M2-Derived,0,0,1,0,0,0,0,0,0,0,0,0,0,0,0
paravertebralis,NA,NA,NA,NA,NA,NA,NA,NA,NA,NA,NA,NA,NA,NA,NA,M1,M1,M1,0,0,0,0,1,0,0,0,0,0,0,0,0,0,1
parilis,NA,NA,NA,NA,NA,NA,NA,NA,NA,1,-0.486070397,-0.505792049,NA,NA,NA,M1,M1,M1,0,0,0,1,0,0,0,0,0,0,0,0,0,0,1
parvauritus,NA,NA,NA,NA,NA,NA,NA,NA,NA,NA,NA,NA,NA,NA,NA,M2,M2-Sympatric,M2-Early,0,0,0,1,1,0,0,0,0,0,0,0,0,0,1
parvicirculatus,NA,NA,NA,NA,NA,NA,NA,NA,NA,1,-0.124624718,-0.12561866,NA,NA,NA,M2,M2-Allopatric,M2-Early,0,1,0,0,0,0,0,0,0,0,0,0,0,0,0
paternus,NA,NA,NA,NA,NA,NA,NA,NA,NA,6,0.205803644,0.199573094,NA,NA,NA,GA,GA,GA,0,0,0,0,0,0,0,0,0,1,0,0,0,0,0
pentaprion,11,4.103964806,-0.327313105,-0.034513909,0.050447993,-0.055633401,-0.222812172,-0.011391285,-0.050063052,2,0.118410072,-0.083448499,3,7.876004484,0.405465108,M2,M2-Sympatric,M2-Early,0,1,1,1,0,1,0,0,0,0,0,0,0,0,1
peraccae,15,3.877638579,0.081283507,-0.075698468,-0.101082863,-0.176366342,0.021157971,0.227280688,0.110575852,5,-0.069337102,0.008690661,45,5.556480511,5.556480511,M1,M1,M1,0,0,0,1,0,0,0,0,0,0,0,0,0,0,1
philopunctatus,1,4.282758633,0.208181151,0.002836905,0.012666324,-0.033626386,0.003835777,-0.268979654,-0.096177148,NA,NA,NA,NA,NA,NA,M1,M1,M1,0,0,0,0,0,0,1,0,0,0,0,0,0,0,1
phyllorhinus,NA,NA,NA,NA,NA,NA,NA,NA,NA,NA,NA,NA,NA,NA,NA,M1,M1,M1,0,0,0,0,0,0,1,0,0,0,0,0,0,0,1
pigmaequestris,NA,NA,NA,NA,NA,NA,NA,NA,NA,NA,NA,NA,NA,NA,NA,GA,GA,GA,0,0,0,0,0,0,0,0,0,1,0,0,0,0,0
pijolense,NA,NA,NA,NA,NA,NA,NA,NA,NA,NA,NA,NA,NA,NA,NA,M2,M2-Allopatric,M2-Early,0,1,0,0,0,0,0,0,0,0,0,0,0,0,0
pinchoti,23,3.874943997,-0.047298721,-0.015385715,-0.039468396,-0.085967798,0.020585921,-0.03828263,0.027384162,NA,NA,NA,39,4.135166557,2.660958594,SecondaryColonizedIsland,SecondaryColonizedIsland,SecondaryColonizedIsland,0,1,0,0,0,0,0,0,0,0,0,0,0,1,0
placidus,NA,NA,NA,NA,NA,NA,NA,NA,NA,4,-0.00171702,-0.039842863,NA,NA,NA,GA,GA,GA,0,0,0,0,0,0,0,0,0,0,1,0,0,0,0
planiceps,NA,NA,NA,NA,NA,NA,NA,NA,NA,NA,NA,NA,NA,NA,NA,M2,M2-Sympatric,M2-Early,0,0,0,0,0,0,1,0,0,0,0,0,0,0,1
podocarpus,NA,NA,NA,NA,NA,NA,NA,NA,NA,1,0.017312401,-0.072215372,NA,NA,NA,M1,M1,M1,0,0,0,0,0,1,0,0,0,0,0,0,0,0,1
poecilopus,17,4.190412031,-0.243164546,-0.143563313,-0.125104471,-0.158574464,0.10475006,0.213178769,0.086829484,2,-0.199889265,-0.252994751,26,4.2434827,4.03636228,M2,M2-Sympatric,M2-Derived,0,0,1,1,1,1,0,0,0,0,0,0,0,0,1
poei,NA,NA,NA,NA,NA,NA,NA,NA,NA,NA,NA,NA,NA,NA,NA,M1,M1,M1,0,0,0,0,0,1,0,0,0,0,0,0,0,0,1
pogus,NA,NA,NA,NA,NA,NA,NA,NA,NA,5,0.044319908,0.185793171,NA,NA,NA,GA,GA,GA,0,0,0,0,0,0,0,1,0,0,0,0,0,0,0
polylepis,22,3.918402612,0.009294737,-0.091179265,-0.090574654,-0.111807156,0.117088468,0.201989082,0.057080948,4,-0.125050758,-0.150298746,39,4.097340071,3.514228404,M2,M2-Sympatric,M2-Derived,0,0,1,0,0,0,0,0,0,0,0,0,0,0,0
poncensis,NA,NA,NA,NA,NA,NA,NA,NA,NA,6,-0.095122525,0.032959074,NA,NA,NA,GA,GA,GA,0,0,0,0,0,0,0,0,1,0,0,0,0,0,0
porcatus,NA,NA,NA,NA,NA,NA,NA,NA,NA,5,0.301856102,0.246284599,NA,NA,NA,GA,GA,GA,0,0,0,0,0,0,0,0,0,1,0,0,0,0,0
porcus,1,4.714203947,-0.480470877,0.31037729,0.124056021,0.15032678,-0.349097053,-0.291651865,-0.169310478,5,0.049081689,-0.055597667,NA,NA,NA,GA,GA,GA,0,0,0,0,0,0,0,0,0,1,0,0,0,0,0
princeps,2,4.599252712,0.174517458,-0.069395294,-0.03915818,-0.025090343,0.146578194,0.247839391,0.097304018,3,-0.1143448,-0.118483644,34,5.328458523,4.030694535,M1,M1,M1,0,0,0,1,0,0,0,0,0,0,0,0,0,0,1
proboscis,6,4.309455942,-0.304966729,0.059444686,-0.156523686,0.011284864,-0.383200252,-0.04466131,-0.15174407,5,-0.012927035,-0.11903437,8,6.123040905,0.854415328,M1,M1,M1,0,0,0,0,0,1,0,0,0,0,0,0,0,0,1
properus,NA,NA,NA,NA,NA,NA,NA,NA,NA,NA,NA,NA,NA,NA,NA,GA,GA,GA,0,0,0,0,0,0,0,0,0,0,1,0,0,0,0
propinquus,NA,NA,NA,NA,NA,NA,NA,NA,NA,NA,NA,NA,NA,NA,NA,M1,M1,M1,0,0,0,0,0,1,0,0,0,0,0,0,0,0,1
pseudokemptoni,NA,NA,NA,NA,NA,NA,NA,NA,NA,NA,NA,NA,NA,NA,NA,M2,M2-Sympatric,M2-Derived,0,0,1,0,0,0,0,0,0,0,0,0,0,0,0
pseudopachypus,NA,NA,NA,NA,NA,NA,NA,NA,NA,NA,NA,NA,NA,NA,NA,M2,M2-Sympatric,M2-Derived,0,0,1,0,0,0,0,0,0,0,0,0,0,0,0
pseudotigrinus,NA,NA,NA,NA,NA,NA,NA,NA,NA,NA,NA,NA,NA,NA,NA,M1,M1,M1,0,0,0,0,0,0,1,0,0,0,0,0,0,0,1
pulchellus,16,3.801761611,0.051956645,0.084908817,-0.1526973,-0.09174197,-0.040770785,0.225897327,-0.082256549,6,0.128394117,0.143558915,23,3.33220451,4.248495242,GA,GA,GA,0,0,0,0,0,0,0,0,1,0,0,0,0,0,0
pumilus,NA,NA,NA,NA,NA,NA,NA,NA,NA,6,0.155498629,0.031252442,NA,NA,NA,GA,GA,GA,0,0,0,0,0,0,0,0,0,1,0,0,0,0,0
punctatus,3,4.348857573,0.299200944,-0.006283853,-0.075626544,-0.028537831,-0.050389213,-0.229438309,-0.075998569,1,0.056212458,0.106284885,NA,NA,NA,M1,M1,M1,0,0,0,0,0,0,1,0,0,0,0,0,0,0,1
purpurgularis,NA,NA,NA,NA,NA,NA,NA,NA,NA,NA,NA,NA,NA,NA,NA,M2,M2-Allopatric,M2-Early,0,1,0,0,0,0,0,0,0,0,0,0,0,0,0
quadriocellifer,NA,NA,NA,NA,NA,NA,NA,NA,NA,6,-0.015993105,-0.034972062,NA,NA,NA,GA,GA,GA,0,0,0,0,0,0,0,0,0,1,0,0,0,0,0
quaggulus,3,3.528123675,-0.041305884,0.016569597,0.095733496,0.127894247,0.05118913,-0.214407844,0.006159888,NA,NA,NA,NA,NA,NA,M2,M2-Sympatric,M2-Derived,0,1,1,0,0,0,0,0,0,0,0,0,0,0,0
ravitergum,NA,NA,NA,NA,NA,NA,NA,NA,NA,NA,NA,NA,NA,NA,NA,GA,GA,GA,0,0,0,0,0,0,0,0,0,0,1,0,0,0,0
reconditus,3,4.410006521,0.221518651,0.154277627,0.146059959,0.172762603,0.142900809,0.136382822,0.136363059,6,-0.082760663,-0.03752231,NA,NA,NA,GA,GA,GA,0,0,0,0,0,0,0,0,0,0,0,1,0,0,0
rejectus,NA,NA,NA,NA,NA,NA,NA,NA,NA,NA,NA,NA,NA,NA,NA,GA,GA,GA,0,0,0,0,0,0,0,0,0,1,0,0,0,0,0
richardi,3,4.732067119,-0.182328949,-0.008657877,0.059121251,0.104119462,0.083320882,-0.092699372,0.038920471,1,-0.074442239,0.006839048,NA,NA,NA,SLA,SLA,SLA,0,0,0,0,0,0,0,1,0,0,0,0,0,0,0
ricordii,NA,NA,NA,NA,NA,NA,NA,NA,NA,3,-0.004086577,0.094733081,NA,NA,NA,GA,GA,GA,0,0,0,0,0,0,0,0,0,0,1,0,0,0,0
rimarum,3,3.764450641,0.345475707,0.029346487,0.060658259,0.07031677,0.186559407,0.146568311,0.099341914,2,0.105573226,0.211869659,NA,NA,NA,GA,GA,GA,0,0,0,0,0,0,0,0,0,0,1,0,0,0,0
rivalis,2,4.107260787,-0.056606361,-0.130656517,-0.062577338,-0.06318699,0.121733789,-0.020664879,0.048841216,NA,NA,NA,NA,NA,NA,M2,M2-Sympatric,M2-Derived,0,0,0,1,0,0,0,0,0,0,0,0,0,0,1
roatanensis,1,3.894876847,0.144152134,0.092286995,0.072909731,0.130083015,0.170061512,-0.053145409,0.081275445,1,-0.192170706,-0.070571364,NA,NA,NA,SecondaryColonizedIsland,SecondaryColonizedIsland,SecondaryColonizedIsland,0,1,0,0,0,0,0,0,0,0,0,0,0,0,0
roosevelti,NA,NA,NA,NA,NA,NA,NA,NA,NA,1,-0.071942663,-0.033585571,NA,NA,NA,GA,GA,GA,0,0,0,0,0,0,0,0,1,0,0,0,0,0,0
roquet,31,4.222004585,-0.094257908,-0.06408586,-0.054356351,-0.12560954,-0.081945309,-0.151764819,-0.007642614,4,0.212813555,0.250013565,48,4.932745822,2.944438979,SLA,SLA,SLA,0,0,0,0,0,0,0,1,0,0,0,0,0,0,0
rubribarbaris,NA,NA,NA,NA,NA,NA,NA,NA,NA,NA,NA,NA,NA,NA,NA,M2,M2-Allopatric,M2-Early,0,1,0,0,0,0,0,0,0,0,0,0,0,0,0
rubribarbus,NA,NA,NA,NA,NA,NA,NA,NA,NA,6,-0.088406141,-0.058803339,NA,NA,NA,GA,GA,GA,0,0,0,0,0,0,0,0,0,1,0,0,0,0,0
ruibali,NA,NA,NA,NA,NA,NA,NA,NA,NA,1,0.139055842,0.107228411,NA,NA,NA,GA,GA,GA,0,0,0,0,0,0,0,0,0,1,0,0,0,0,0
ruizii,NA,NA,NA,NA,NA,NA,NA,NA,NA,NA,NA,NA,NA,NA,NA,M1,M1,M1,0,0,0,0,0,1,0,0,0,0,0,0,0,0,1
rupinae,3,3.955657042,0.148858789,-0.005987012,-0.059117643,0.033459047,0.17545967,0.030567374,0.074995094,NA,NA,NA,NA,NA,NA,GA,GA,GA,0,0,0,0,0,0,0,0,0,0,1,0,0,0,0
sabanus,3,4.05386973,0.102640244,0.059750091,0.147428579,0.098952048,0.041616236,0.03881696,0.077943109,4,0.282106746,0.242888177,NA,NA,NA,GA,GA,GA,0,0,0,0,0,0,0,1,0,0,0,0,0,0,0
sagrei,136,3.94719708,-0.067898442,-0.032390789,-0.035140981,-0.083452279,-0.032169469,0.218420324,-0.038914738,5,-0.078430231,0.019656841,108,4.068000587,4.194642284,GA,GA,GA,0,0,0,0,0,0,0,0,0,1,0,0,0,0,0
salvini,2,4.035125203,-0.419249857,0.035744005,0.078565592,0.072581691,-0.226037881,-0.098864346,-0.091399445,3,0.054288362,0.018160394,NA,NA,NA,M2,M2-Sympatric,M2-Early,0,1,1,0,0,0,0,0,0,0,0,0,0,0,0
santamartae,1,4.041998082,NA,NA,NA,NA,-0.073990978,0.068415004,-0.011032727,NA,NA,NA,NA,NA,NA,M1,M1,M1,0,0,0,0,1,0,0,0,0,0,0,0,0,0,1
schwartzi,NA,NA,NA,NA,NA,NA,NA,NA,NA,NA,NA,NA,NA,NA,NA,GA,GA,GA,0,0,0,0,0,0,0,1,0,0,0,0,0,0,0
scriptus,39,4.014940539,-0.21185953,-0.011733583,0.025834469,-0.038470137,0.025879073,-0.080956965,0.0207952,5,0.151218202,0.075705013,48,4.469235909,2.123458427,GA,GA,GA,0,0,0,0,0,0,0,0,0,0,0,0,1,0,0
scypheus,NA,NA,NA,NA,NA,NA,NA,NA,NA,NA,NA,NA,NA,NA,NA,M2,M2-Sympatric,M2-Early,0,0,0,0,0,0,1,0,0,0,0,0,0,0,1
semilineatus,NA,NA,NA,NA,NA,NA,NA,NA,NA,5,-0.036626206,0.119208524,NA,NA,NA,GA,GA,GA,0,0,0,0,0,0,0,0,0,0,1,0,0,0,0
serranoi,1,4.211238314,0.179723577,-0.038298814,0.063191889,0.055713789,0.095629439,-0.112972396,0.001276732,3,-0.048257693,-0.014727207,NA,NA,NA,M2,M2-Allopatric,M2-Derived,0,1,0,0,0,0,0,0,0,0,0,0,0,0,0
sheplani,9,3.65351131,-0.583762155,-0.018303095,-0.270943371,-0.068125117,-0.619233056,-0.464376456,-0.519683042,4,0.003142815,-0.12704969,6,5.441681509,1.214912744,GA,GA,GA,0,0,0,0,0,0,0,0,0,0,1,0,0,0,0
shrevei,NA,NA,NA,NA,NA,NA,NA,NA,NA,6,-0.088551504,-0.022839813,NA,NA,NA,GA,GA,GA,0,0,0,0,0,0,0,0,0,0,1,0,0,0,0
singularis,16,3.654546775,-0.154359178,0.081192953,0.134233689,0.090090865,-0.215608285,-0.050192977,-0.130853084,5,0.191366441,0.182048756,15,5.360352757,1.599387577,GA,GA,GA,0,0,0,0,0,0,0,0,0,0,1,0,0,0,0
smallwoodi,NA,NA,NA,NA,NA,NA,NA,NA,NA,5,0.269180138,0.324725218,NA,NA,NA,GA,GA,GA,0,0,0,0,0,0,0,0,0,1,0,0,0,0,0
smaragdinus,42,4.033709524,0.018345485,0.052843344,-0.000616803,-0.164143845,-0.233742005,-0.030155516,-0.208828687,6,0.21548602,0.214055519,NA,NA,NA,GA,GA,GA,0,0,0,0,0,0,0,0,0,0,0,0,1,0,0
sminthus,2,3.873282177,0.321099287,0.016655758,0.126636401,0.061485449,-0.029415719,-0.054728806,-0.068408472,NA,NA,NA,NA,NA,NA,M2,M2-Allopatric,M2-Early,0,1,0,0,0,0,0,0,0,0,0,0,0,0,0
soinii,NA,NA,NA,NA,NA,NA,NA,NA,NA,4,-0.029542167,-0.069023482,NA,NA,NA,M1,M1,M1,0,0,0,0,0,1,0,0,0,0,0,0,0,0,1
solitarius,1,3.94041608,0.212802681,-0.008412379,-0.080318593,-0.112778471,-0.171788268,-0.170152005,-0.149543024,1,0.055886312,0.073027855,NA,NA,NA,M1,M1,M1,0,0,0,0,1,0,0,0,0,0,0,0,0,0,1
spectrum,NA,NA,NA,NA,NA,NA,NA,NA,NA,3,-0.189376699,-0.018795404,NA,NA,NA,GA,GA,GA,0,0,0,0,0,0,0,0,0,1,0,0,0,0,0
squamulatus,4,4.750654853,0.262149343,0.028911475,0.014900671,0.029890136,0.07962824,0.023634756,0.013716914,NA,NA,NA,NA,NA,NA,M1,M1,M1,0,0,0,0,0,0,1,0,0,0,0,0,0,0,1
strahmi,NA,NA,NA,NA,NA,NA,NA,NA,NA,6,-0.049704498,-0.081822135,NA,NA,NA,GA,GA,GA,0,0,0,0,0,0,0,0,0,0,1,0,0,0,0
stratulus,21,3.868697881,-0.29720798,0.031361535,-0.093782653,-0.222615415,-0.051662132,0.402088303,0.090962866,6,0.25573494,0.213332672,25,4.990432587,3.951243719,GA,GA,GA,0,0,0,0,0,0,0,0,1,0,0,0,0,0,0
sulcifrons,1,4.108411819,NA,-0.036895302,-0.019206816,0.027234502,-0.073252152,-0.046062123,-0.013849518,NA,NA,NA,NA,NA,NA,M2,M2-Sympatric,M2-Early,0,0,0,1,0,1,0,0,0,0,0,0,0,0,1
tandai,NA,NA,NA,NA,NA,NA,NA,NA,NA,NA,NA,NA,NA,NA,NA,M2,M2-Sympatric,M2-Early,0,0,0,0,0,0,1,0,0,0,0,0,0,0,1
tenorioensis,NA,NA,NA,NA,NA,NA,NA,NA,NA,NA,NA,NA,NA,NA,NA,M2,M2-Sympatric,M2-Derived,0,0,1,0,0,0,0,0,0,0,0,0,0,0,0
terraealtae,NA,NA,NA,NA,NA,NA,NA,NA,NA,NA,NA,NA,NA,NA,NA,GA,GA,GA,0,0,0,0,0,0,0,1,0,0,0,0,0,0,0
terueli,NA,NA,NA,NA,NA,NA,NA,NA,NA,NA,NA,NA,NA,NA,NA,GA,GA,GA,0,0,0,0,0,0,0,0,0,1,0,0,0,0,0
tetarii,NA,NA,NA,NA,NA,NA,NA,NA,NA,NA,NA,NA,NA,NA,NA,M1,M1,M1,0,0,0,0,0,1,0,0,0,0,0,0,0,0,1
tigrinus,14,3.934762492,-0.39019567,-0.013945634,-0.142491722,-0.057439229,-0.342281496,0.044864584,-0.150916135,1,-0.101797254,0.053502746,15,5.481846527,-0.127833372,M1,M1,M1,0,0,0,0,1,0,1,0,0,0,0,0,0,0,1
toldo,NA,NA,NA,NA,NA,NA,NA,NA,NA,NA,NA,NA,NA,NA,NA,GA,GA,GA,0,0,0,0,0,0,0,0,0,1,0,0,0,0,0
tolimensis,3,3.984901651,0.018195956,-0.016925669,-0.095771806,-0.032576291,-0.057860817,-0.225757467,-0.150362566,1,-0.000472169,-0.175809214,NA,NA,NA,M2,M2-Sympatric,M2-Derived,0,0,0,0,0,1,0,0,0,0,0,0,0,0,1
townsendi,3,3.842244111,0.101025972,0.010129782,-0.024247857,-0.051095311,0.109501507,-0.066293763,0.017557207,NA,NA,NA,NA,NA,NA,SecondaryColonizedIsland,SecondaryColonizedIsland,SecondaryColonizedIsland,0,0,1,0,0,0,0,0,0,0,0,0,0,0,0
trachyderma,3,3.8772245,0.09540648,-0.103155413,-0.103643459,-0.108549863,0.15754273,-0.022778743,0.048469646,6,-0.089674892,-0.090154177,NA,NA,NA,M2,M2-Sympatric,M2-Derived,0,0,0,0,0,0,1,0,0,0,0,0,0,0,1
transversalis,2,4.244200318,0.079715264,-0.051515915,-0.055211672,0.04027711,0.001901466,-0.149961438,-0.042980651,6,0.075954274,0.081422858,NA,NA,NA,M1,M1,M1,0,0,0,0,0,0,1,0,0,0,0,0,0,0,1
trinitatis,NA,NA,NA,NA,NA,NA,NA,NA,NA,4,0.213691883,0.243740627,NA,NA,NA,SLA,SLA,SLA,0,0,0,0,0,0,0,1,0,0,0,0,0,0,0
tropidogaster,3,3.855875845,0.046549435,0.021691114,0.005453312,0.051897862,0.129879377,-0.088164273,0.024482585,6,-0.094302743,-0.090603548,NA,NA,NA,M2,M2-Sympatric,M2-Derived,0,0,1,1,1,1,0,0,0,0,0,0,0,0,1
tropidolepis,3,3.86388263,-0.020830377,-0.056755746,-0.013356081,0.043805513,0.116252601,-0.011928802,0.013261341,NA,NA,NA,NA,NA,NA,M2,M2-Sympatric,M2-Derived,0,0,1,0,0,0,0,0,0,0,0,0,0,0,0
umbrivagus,NA,NA,NA,NA,NA,NA,NA,NA,NA,NA,NA,NA,NA,NA,NA,M1,M1,M1,0,0,0,0,1,0,0,0,0,0,0,0,0,0,1
utilensis,NA,NA,NA,NA,NA,NA,NA,NA,NA,NA,NA,NA,NA,NA,NA,SecondaryColonizedIsland,SecondaryColonizedIsland,SecondaryColonizedIsland,0,1,0,0,0,0,0,0,0,0,0,0,0,0,0
valencienni,9,4.253909132,-0.365082599,0.046089287,-0.130011717,-0.07575767,-0.335284459,-0.022948137,-0.245181338,5,0.111523248,0.041741852,5,4.96284463,3.761200116,GA,GA,GA,0,0,0,0,0,0,0,0,0,0,0,1,0,0,0
vanidicus,3,3.54587476,0.266398489,0.070703036,-0.228434341,-0.124763071,-0.002498192,-0.290121677,-0.193343611,4,-0.103500992,-0.121843497,NA,NA,NA,GA,GA,GA,0,0,0,0,0,0,0,0,0,1,0,0,0,0,0
vanzolinii,1,4.59764192,-0.334644889,0.131024626,-0.001232671,0.078506803,-0.362218661,-0.219990783,-0.122559206,2,0.038168025,-0.116110755,NA,NA,NA,M1,M1,M1,0,0,0,0,0,1,0,0,0,0,0,0,0,0,1
vaupesianus,2,4.347046916,0.220100093,0.015364059,-0.061200904,-0.033131829,-0.047909645,-0.193464642,-0.073188477,NA,NA,NA,NA,NA,NA,M1,M1,M1,0,0,0,0,0,0,1,0,0,0,0,0,0,0,1
ventrimaculatus,18,4.271513981,0.372932308,-0.113103196,-0.086990983,-0.088636638,0.182706672,0.02135173,0.025522712,NA,NA,NA,17,4.57409223,2.48740353,M1,M1,M1,0,0,0,0,0,1,0,0,0,0,0,0,0,0,1
vermiculatus,6,4.777441407,-0.075827535,0.095529738,-0.064858426,-0.00054176,0.048024314,-0.111025174,-0.088151882,4,-0.055866597,0.030858653,NA,NA,NA,GA,GA,GA,0,0,0,0,0,0,0,0,0,1,0,0,0,0,0
vescus,NA,NA,NA,NA,NA,NA,NA,NA,NA,1,-0.187595897,0.091940435,NA,NA,NA,GA,GA,GA,0,0,0,0,0,0,0,0,0,1,0,0,0,0,0
vicarius,NA,NA,NA,NA,NA,NA,NA,NA,NA,NA,NA,NA,NA,NA,NA,M2,M2-Sympatric,M2-Derived,0,0,0,0,0,1,0,0,0,0,0,0,0,0,1
villai,1,3.706719372,0.000971761,-0.056562807,0.041309854,0.031608075,0.104206353,0.001905735,0.084587581,NA,NA,NA,NA,NA,NA,M2,M2-Allopatric,M2-Derived,0,1,0,0,0,0,0,0,0,0,0,0,0,0,0
vinosus,NA,NA,NA,NA,NA,NA,NA,NA,NA,NA,NA,NA,NA,NA,NA,GA,GA,GA,0,0,0,0,0,0,0,0,0,0,1,0,0,0,0
vittigerus,5,3.982108613,0.268592055,-0.026753524,0.056945625,-0.00227076,0.100295205,-0.031902883,0.02465422,NA,NA,NA,NA,NA,NA,M2,M2-Sympatric,M2-Derived,0,0,1,1,1,0,0,0,0,0,0,0,0,0,1
wampuensis,NA,NA,NA,NA,NA,NA,NA,NA,NA,NA,NA,NA,NA,NA,NA,M2,M2-Allopatric,M2-Derived,0,1,0,0,0,0,0,0,0,0,0,0,0,0,0
wattsi,11,3.923951576,-0.23074091,0.049117847,0.05530419,0.000765786,0.019281311,-0.034954446,0.030136829,4,0.081927779,0.091177633,10,4.429506417,2.457021446,GA,GA,GA,0,0,0,0,0,0,0,1,0,0,0,0,0,0,0
websteri,NA,NA,NA,NA,NA,NA,NA,NA,NA,6,0.110272171,-0.004578103,NA,NA,NA,GA,GA,GA,0,0,0,0,0,0,0,0,0,0,1,0,0,0,0
wellbornae,NA,NA,NA,NA,NA,NA,NA,NA,NA,5,-0.148617594,-0.143621013,NA,NA,NA,M2,M2-Allopatric,M2-Early,0,1,0,0,0,0,0,0,0,0,0,0,0,0,0
wermuthi,NA,NA,NA,NA,NA,NA,NA,NA,NA,NA,NA,NA,NA,NA,NA,M2,M2-Allopatric,M2-Early,0,1,0,0,0,0,0,0,0,0,0,0,0,0,0
whitemani,NA,NA,NA,NA,NA,NA,NA,NA,NA,6,-0.170316851,-0.090101235,NA,NA,NA,GA,GA,GA,0,0,0,0,0,0,0,0,0,0,1,0,0,0,0
williamsmittermeierorum,1,3.450939474,-0.286679046,0.097362783,-0.00631729,0.174019595,-0.385039055,-0.090529262,-0.20795757,NA,NA,NA,NA,NA,NA,M1,M1,M1,0,0,0,0,0,1,0,0,0,0,0,0,0,0,1
woodi,2,4.271234729,0.218917011,-0.031830472,-0.01402693,0.000697376,0.072539985,-0.088067305,-0.00864118,1,-0.288242753,-0.261461963,NA,NA,NA,M2,M2-Sympatric,M2-Early,0,0,1,0,0,0,0,0,0,0,0,0,0,0,0
yoroensis,3,3.691126927,0.039373713,0.032434483,0.101210817,0.151380604,0.094245801,-0.083624745,-0.01307979,3,-0.164382616,-0.112017936,NA,NA,NA,M2,M2-Allopatric,M2-Derived,0,1,0,0,0,0,0,0,0,0,0,0,0,0,0
zeus,4,3.630985476,0.160831227,0.015987584,-0.024359781,-0.001491879,0.125081998,-0.093493039,0.001121033,NA,NA,NA,NA,NA,NA,M2,M2-Allopatric,M2-Derived,0,1,0,0,0,0,0,0,0,0,0,0,0,0,0
barkeri,4,4.464182493,-0.268433342,-0.175000491,-0.053113084,-0.153669708,-0.028407251,0.253006276,0.033235713,3,-0.397892846,-0.334387545,15,3.767459554,3.721104601,M2,M2-Allopatric,M2-Early,1,1,0,0,0,0,0,0,0,0,0,0,0,0,0
biporcatus,5,4.418358564,0.062829545,-0.00522715,0.030816931,0.019831223,-0.052108932,0.035719843,-0.038290363,5,0.036616175,-0.070767262,2,6.336825731,3.702535781,M2,M2-Sympatric,M2-Early,1,1,1,0,0,0,0,0,0,0,0,0,0,0,0
boulengerianus,NA,NA,NA,NA,NA,NA,NA,NA,NA,NA,NA,NA,NA,NA,NA,M2,M2-Allopatric,M2-Early,1,1,0,0,0,0,0,0,0,0,0,0,0,0,0
compressicauda,11,4.011325207,-0.217343833,-0.035141288,0.033936583,0.015267936,0.138533685,0.249121993,0.080373929,NA,NA,NA,18,4.444649259,3.931433399,M2,M2-Allopatric,M2-Early,1,1,0,0,0,0,0,0,0,0,0,0,0,0,0
crassulus,3,3.781686504,0.0929609,0.047008729,0.203495483,0.19878599,0.012485313,-0.038843411,0.066622135,3,-0.1994871,-0.111765453,NA,NA,NA,M2,M2-Allopatric,M2-Early,1,1,0,0,0,0,0,0,0,0,0,0,0,0,0
cymbops,NA,NA,NA,NA,NA,NA,NA,NA,NA,NA,NA,NA,NA,NA,NA,M2,M2-Allopatric,M2-Early,1,0,0,0,0,0,0,0,0,0,0,0,0,0,0
duellmani,3,3.648838405,-0.151882311,-0.03276106,0.037068885,0.022487397,0.091816926,0.271920468,0.099793404,NA,NA,NA,3,4.628202885,2.197224577,M2,M2-Allopatric,M2-Early,1,1,0,0,0,0,0,0,0,0,0,0,0,0,0
dunni,3,3.981175864,0.085465412,-0.058693373,0.021832437,0.028347725,-0.004528661,-0.192007368,0.005740759,5,0.01383284,-0.05833781,NA,NA,NA,M2,M2-Allopatric,M2-Early,1,0,0,0,0,0,0,0,0,0,0,0,0,0,0
forbesi,NA,NA,NA,NA,NA,NA,NA,NA,NA,1,-0.115952606,-0.078044473,NA,NA,NA,M2,M2-Allopatric,M2-Early,1,0,0,0,0,0,0,0,0,0,0,0,0,0,0
gadovii,2,4.164181522,0.084923417,-0.06796306,-0.031386576,0.035648624,0.117171241,0.006465492,0.127985191,4,-0.085247922,0.004062303,NA,NA,NA,M2,M2-Allopatric,M2-Early,1,0,0,0,0,0,0,0,0,0,0,0,0,0,0
laeviventris,3,3.601686242,-0.003982842,0.042499683,0.130715702,0.045142146,-0.098038357,-0.193220038,-0.040035405,NA,NA,NA,NA,NA,NA,M2,M2-Sympatric,M2-Early,1,1,1,0,0,0,0,0,0,0,0,0,0,0,0
lemurinus,8,3.968592357,-0.024061123,-0.028049109,0.062200195,0.015897833,0.135328478,0.167011925,0.083355861,1,-0.069698743,-0.053219123,3,4.60386934,4.829353197,M2,M2-Sympatric,M2-Derived,1,1,1,0,0,0,0,0,0,0,0,0,0,0,0
liogaster,1,3.88567903,0.05921133,0.050126003,0.147095427,0.123402023,0.032272355,0.043934542,0.052307356,NA,NA,NA,NA,NA,NA,M2,M2-Allopatric,M2-Early,1,0,0,0,0,0,0,0,0,0,0,0,0,0,0
macrinii,NA,NA,NA,NA,NA,NA,NA,NA,NA,NA,NA,NA,NA,NA,NA,M2,M2-Allopatric,M2-Early,1,0,0,0,0,0,0,0,0,0,0,0,0,0,0
megapholidotus,2,3.652993176,-0.42120934,-0.017818743,0.074132538,0.032588777,-0.054654158,-0.068244339,-0.000820204,1,-0.144181612,-0.102401592,NA,NA,NA,M2,M2-Allopatric,M2-Early,1,1,0,0,0,0,0,0,0,0,0,0,0,0,0
microlepidotus,2,3.786913194,-0.116334826,-0.035340191,0.066371997,-0.055228671,-0.113942077,0.427680736,0.082810378,NA,NA,NA,NA,NA,NA,M2,M2-Allopatric,M2-Early,1,0,0,0,0,0,0,0,0,0,0,0,0,0,0
milleri,NA,NA,NA,NA,NA,NA,NA,NA,NA,NA,NA,NA,NA,NA,NA,M2,M2-Allopatric,M2-Early,1,0,0,0,0,0,0,0,0,0,0,0,0,0,0
naufragus,NA,NA,NA,NA,NA,NA,NA,NA,NA,NA,NA,NA,NA,NA,NA,M2,M2-Allopatric,M2-Early,1,0,0,0,0,0,0,0,0,0,0,0,0,0,0
nebuloides,NA,NA,NA,NA,NA,NA,NA,NA,NA,3,-0.104950748,-0.11628136,NA,NA,NA,M2,M2-Allopatric,M2-Early,1,1,0,0,0,0,0,0,0,0,0,0,0,0,0
nebulosus,3,3.869324251,0.083783133,-0.081751344,0.045234958,0.026895674,-0.114317349,-0.138010704,-0.052131895,1,-0.166733381,-0.14324388,NA,NA,NA,M2,M2-Allopatric,M2-Early,1,1,0,0,0,0,0,0,0,0,0,0,0,0,0
omiltemanus,NA,NA,NA,NA,NA,NA,NA,NA,NA,NA,NA,NA,NA,NA,NA,M2,M2-Allopatric,M2-Early,1,0,0,0,0,0,0,0,0,0,0,0,0,0,0
petersii,1,4.641116313,0.307166888,0.030728841,0.1468286,0.189038042,-0.009280973,-0.144291149,-0.057903362,1,0.111907502,0.066001152,NA,NA,NA,M2,M2-Allopatric,M2-Early,1,1,0,0,0,0,0,0,0,0,0,0,0,0,0
peucephilus,NA,NA,NA,NA,NA,NA,NA,NA,NA,NA,NA,NA,NA,NA,NA,M2,M2-Allopatric,M2-Early,1,1,0,0,0,0,0,0,0,0,0,0,0,0,0
pygmaeus,NA,NA,NA,NA,NA,NA,NA,NA,NA,NA,NA,NA,NA,NA,NA,M2,M2-Allopatric,M2-Early,1,1,0,0,0,0,0,0,0,0,0,0,0,0,0
quercorum,3,3.688379329,0.009050496,-0.012565481,0.078890186,0.104413738,-0.056793197,0.005602658,-0.010158674,1,-0.204488499,-0.134998517,NA,NA,NA,M2,M2-Allopatric,M2-Early,1,0,0,0,0,0,0,0,0,0,0,0,0,0,0
rodriguezii,7,3.609836247,-0.120671919,-0.012725591,0.05415691,0.024166022,0.08808767,0.093159757,0.059303416,8,0.003198514,0.012156741,3,5.552959585,4.148359151,M2,M2-Allopatric,M2-Derived,1,1,0,0,0,0,0,0,0,0,0,0,0,0,0
rubiginosus,NA,NA,NA,NA,NA,NA,NA,NA,NA,NA,NA,NA,NA,NA,NA,M2,M2-Allopatric,M2-Early,1,1,0,0,0,0,0,0,0,0,0,0,0,0,0
schiedii,NA,NA,NA,NA,NA,NA,NA,NA,NA,1,-0.075221195,-0.151766387,NA,NA,NA,M2,M2-Allopatric,M2-Early,1,0,0,0,0,0,0,0,0,0,0,0,0,0,0
sericeus,15,3.76514581,0.225429074,-0.006258371,-0.031398906,-0.040995699,-0.000965587,1.97E-05,-0.019180192,2,-0.077057194,-0.055323873,7,4.753590191,1.921324674,M2,M2-Sympatric,M2-Early,1,1,1,0,0,0,0,0,0,0,0,0,0,0,0
subocularis,3,3.76491414,0.057143227,-0.038989745,0.021432835,-0.027208588,0.021106749,-0.06226847,0.026194171,4,-0.127248925,-0.144348644,NA,NA,NA,M2,M2-Allopatric,M2-Early,1,0,0,0,0,0,0,0,0,0,0,0,0,0,0
taylori,1,4.21094171,0.051313195,-0.123908808,-0.034457193,-0.071256269,0.046066916,-0.104816535,-0.009218849,1,-0.115342726,-0.173155503,NA,NA,NA,M2,M2-Allopatric,M2-Early,1,0,0,0,0,0,0,0,0,0,0,0,0,0,0
tropidonotus,3,3.94931879,0.038504286,-0.001385644,0.160733372,0.129733022,0.165251001,0.071630588,0.097415723,6,-0.162146975,-0.093843745,NA,NA,NA,M2,M2-Allopatric,M2-Early,1,1,0,0,0,0,0,0,0,0,0,0,0,0,0
uniformis,16,3.600594539,-0.262823596,0.072056514,0.150109247,0.13114496,0.094162058,0.087651024,0.069128765,6,-0.080342686,-0.116787232,25,4.28936295,2.354228326,M2,M2-Allopatric,M2-Early,1,1,0,0,0,0,0,0,0,0,0,0,0,0,0
unilobatus,3,3.851423383,0.239611828,-0.024102825,-0.100838433,-0.120428245,-0.058477828,-0.257270519,-0.090371858,NA,NA,NA,NA,NA,NA,M2,M2-Sympatric,M2-Early,1,1,1,0,0,0,0,0,0,0,0,0,0,0,0
